Year,Month,PRCP,Prcp,station1,2,3,4,5,6,7,8,9,10,11,12,13,14,15,16,17,18,19,20,21,22,23,24,25,26,27,28,29,30,31,32,33,34,35,36,37,38,39,40,41,42,43,44,45,46,47,48,49,50,51,52,53,54,55,,
1991,1,0,NA,0,0,0,0,0,0,0,0,0,0,0,0,0,0,0,0,0,0,0,0,0,0,0,0,0,0,0,0,0,0,0,0,0,0,0,0,0,0,0,0,0,0,0,0,0,0,0,0,0,0,0,0,0,0,0,,
1991,2,0,NA,0,0,0,0,0,0,0,0,0,0,0,0,0,0,0,0,0,0,0,0,0,0,0,0,0,0,0,0,0,0,0,0,0,0,0,0,0,0,0,0,0,0,0,0,0,0,0,0,0,0,0,0,0,0,0,,
1991,3,0,NA,0,0,0,0,0,0,0,0,0,0,0,0,0,0,0,0,0,0,0,0,0,0,0,0,0,0,0,0,0,0,0,0,0,0,0,0,0,0,0,0,0,0,0,0,0,0,0,0,0,0,0,0,0,0,0,,
1991,4,0,NA,0,0,0,0,0,0,0,0,0,0,0,0,0,0,0,0,0,0,0,0,0,0,0,0,0,0,0,0,0,0,0,0,0,0,0,0,0,0,0,0,0,0,0,0,0,0,0,0,0,0,0,0,0,0,0,,
1991,5,3.047411818,3.047411818,87.7641,87.9873,88.2099,88.0092,88.227,88.446,88.6665,88.8876,89.109,89.331,89.553,90.0042,90.0591,88.9464,88.5993,88.6917,88.9038,89.1189,89.337,89.5572,89.9286,92.1774,92.0778,91.2117,89.4825,89.151,89.1561,89.3562,89.5671,89.7846,90.1524,95.2251,95.3379,97.1907,98.6241,94.1976,91.0416,89.6037,89.8008,90.2568,97.2216,98.0448,98.8074,96.3609,93.9738,90.9837,90.192,90.4785,98.5116,98.2632,93.333,90.3816,90.582,90.7764,99.5871,,
1991,6,0.484489455,0.484489455,17.3019,9.3993,5.6028,18.0294,19.962,19.707,2.8164,2.6997,3.2214,18.2535,22.77,10.1871,13.0203,15.3948,13.0761,34.2705,29.5872,19.6362,9.1071,11.3889,12.795,8.0619,10.4688,11.6376,18.2754,38.8383,37.0767,28.8894,13.2753,10.0662,10.1268,4.7979,6.6117,4.7466,2.7315,19.6101,33.1986,32.2254,21.7698,10.0185,3.9384,3.7788,3.1359,12.6024,22.8951,27.5709,12.741,10.5612,3.3615,5.6946,25.056,12.2733,11.2314,11.3649,2.5491,,
1991,7,0.525606727,0.525606727,14.4282,24.3135,31.776,14.5293,14.5377,13.9767,17.7894,22.59,31.4433,24.0591,35.136,15.135,15.1053,14.8008,14.6391,14.826,14.3925,16.9263,18.8604,15.1413,16.6176,15.5685,15.5778,15.2913,14.6787,14.3577,14.3973,14.0202,14.4024,13.8534,12.7071,16.3467,16.3794,16.8111,17.0682,15.8745,14.9637,14.3079,13.3473,10.272,16.7364,16.9743,17.0337,16.4118,15.7386,14.766,7.965,5.6577,16.9515,16.9149,13.4238,4.7562,3.3141,2.2359,17.1225,0.525606727,
1991,8,1.144326727,1.144326727,37.4922,53.3055,71.5701,35.8128,38.6919,51.5529,66.8418,70.5063,72.9789,59.3283,63.0438,26.0424,27.6498,31.419,31.4592,43.6986,50.9721,58.6563,43.9671,34.197,34.6953,21.5742,23.2632,25.7865,31.6338,40.2306,44.7534,46.7406,35.3136,30.2148,29.5866,15.0081,16.0455,12.2805,9.2049,24.7485,36.6696,41.7471,34.6896,28.4304,11.841,10.6989,9.4464,18.4281,27.7422,35.2497,32.4168,30.222,10.0737,11.9646,30.2163,33.2091,32.79,33.4653,8.5722,,
1991,9,0.158174727,0.158174727,0.1347,2.3829,4.1814,0.0324,0.0528,0.4893,1.8816,2.7678,6.4221,15.0129,17.6877,0.0174,0.0228,0.0312,0.0441,0.066,0.3687,1.2198,7.0059,9.6438,10.2666,0.0183,0.0237,0.0321,0.045,0.0669,0.1098,1.1442,7.0974,9.5304,10.563,0.0192,0.0246,0.0333,0.0471,0.0723,0.1266,2.0301,7.6749,12.5328,0.0255,0.0342,0.0486,0.0768,0.1446,2.9292,18.0768,21.2283,0.0339,0.048,4.7412,24.7209,27.732,30.1821,0.0426,,
1991,10,0,NA,0,0,0,0,0,0,0,0,0,0,0,0,0,0,0,0,0,0,0,0,0,0,0,0,0,0,0,0,0,0,0,0,0,0,0,0,0,0,0,0,0,0,0,0,0,0,0,0,0,0,0,0,0,0,0,,
1991,11,0,NA,0,0,0,0,0,0,0,0,0,0,0,0,0,0,0,0,0,0,0,0,0,0,0,0,0,0,0,0,0,0,0,0,0,0,0,0,0,0,0,0,0,0,0,0,0,0,0,0,0,0,0,0,0,0,0,,
1991,12,0,NA,0,0,0,0,0,0,0,0,0,0,0,0,0,0,0,0,0,0,0,0,0,0,0,0,0,0,0,0,0,0,0,0,0,0,0,0,0,0,0,0,0,0,0,0,0,0,0,0,0,0,0,0,0,0,0,,
1992,1,0,NA,0,0,0,0,0,0,0,0,0,0,0,0,0,0,0,0,0,0,0,0,0,0,0,0,0,0,0,0,0,0,0,0,0,0,0,0,0,0,0,0,0,0,0,0,0,0,0,0,0,0,0,0,0,0,0,,
1992,2,0,NA,0,0,0,0,0,0,0,0,0,0,0,0,0,0,0,0,0,0,0,0,0,0,0,0,0,0,0,0,0,0,0,0,0,0,0,0,0,0,0,0,0,0,0,0,0,0,0,0,0,0,0,0,0,0,0,,
1992,3,0,NA,0,0,0,0,0,0,0,0,0,0,0,0,0,0,0,0,0,0,0,0,0,0,0,0,0,0,0,0,0,0,0,0,0,0,0,0,0,0,0,0,0,0,0,0,0,0,0,0,0,0,0,0,0,0,0,,
1992,4,0,NA,0,0,0,0,0,0,0,0,0,0,0,0,0,0,0,0,0,0,0,0,0,0,0,0,0,0,0,0,0,0,0,0,0,0,0,0,0,0,0,0,0,0,0,0,0,0,0,0,0,0,0,0,0,0,0,,
1992,5,3.106172182,3.106172182,96.0291,96.5337,95.3202,96.5418,95.6805,92.5896,93.5487,94.3452,95.1318,92.7063,92.7081,96.267,95.8812,97.1769,98.9223,92.1318,91.3941,92.553,94.7592,95.0589,95.5266,94.5063,94.4589,95.8017,96.5121,90.7896,91.0431,91.7832,94.3515,95.157,95.5116,91.9188,91.7463,90.3216,89.4717,90.672,91.1145,91.9221,93.2913,95.3346,90.4848,89.9139,89.604,90.4782,90.972,92.1855,93.6048,93.807,89.9487,90.1251,90.7599,92.5002,92.3973,92.0847,89.8041,,
1992,6,0.236471818,0.236471818,18.3366,12.5958,3.0918,19.5678,16.4334,4.9758,0.3171,0.2622,1.4634,2.526,1.761,20.3481,18.6471,21.1221,24.7452,7.2549,2.4384,1.1742,4.1115,4.8117,4.068,15.618,14.7654,17.4003,18.5355,4.2759,3.2553,2.3781,4.9803,5.8401,5.2584,8.907,7.8276,3.9198,1.4973,3.5202,3.8685,3.1842,5.1621,5.1708,4.4841,2.6208,1.3281,2.5965,3.0855,3.4104,6.4686,6.8349,2.1627,1.8495,2.9904,8.0514,8.7678,9.3708,0.7401,,
1992,7,1.591090545,1.591090545,63.1578,62.6115,57.1998,64.5858,61.9752,49.9605,42.7518,46.1091,49.086,42.5949,47.4702,58.1001,57.696,63.8244,67.9674,57.2292,50.5899,47.9448,44.4483,41.8464,43.3935,48.4065,49.0461,54.456,62.1915,56.1753,54.4047,50.1693,42.138,42.0129,45.5256,34.4451,34.1982,26.121,20.4015,38.1432,50.3409,51.3288,49.3188,51.4545,26.3499,23.1243,20.4477,30.6705,40.1814,46.7775,60.2796,65.4051,21.9972,23.4822,47.2083,69.462,73.3674,76.782,18.9438,,
1992,8,2.195912,2.195912,74.1522,63.2388,54.5679,77.163,78.4611,65.5659,27.2937,32.9208,37.3008,52.0527,94.1406,63.2859,67.9467,73.8102,71.1108,101.9268,85.8945,65.0256,29.0697,37.3146,56.373,56.7108,60.9789,64.6122,78.0849,110.0082,104.2974,81.9135,30.1794,26.2128,50.4819,46.9068,49.7979,44.154,38.8443,72.5352,98.7867,87.7377,60.6576,76.3992,42.9141,41.6196,39.6324,58.7598,78.6372,76.6779,89.6967,107.4618,40.5837,45.0009,89.9214,103.3812,109.3305,113.5629,38.16,,
1992,9,2.970167091,2.970167091,95.877,106.6665,98.196,99.4176,88.7163,53.0616,59.1786,70.3869,94.3311,125.2872,152.4009,113.2239,105.8196,108.0981,118.8864,52.5354,40.0815,48.7869,62.8737,73.0773,89.2986,105.8838,100.7883,104.9073,98.2032,39.5511,37.5087,38.5857,51.2421,62.8761,84.9255,95.7993,91.0218,85.1067,82.6101,64.4382,47.0292,38.751,59.7843,111.1092,87.42,83.6232,81.7245,71.8497,59.4789,45.7719,140.0535,169.2999,83.2104,79.4004,74.586,178.7934,197.3418,210.6342,81.2652,,
1992,10,0,NA,0,0,0,0,0,0,0,0,0,0,0,0,0,0,0,0,0,0,0,0,0,0,0,0,0,0,0,0,0,0,0,0,0,0,0,0,0,0,0,0,0,0,0,0,0,0,0,0,0,0,0,0,0,0,0,,
1992,11,0,NA,0,0,0,0,0,0,0,0,0,0,0,0,0,0,0,0,0,0,0,0,0,0,0,0,0,0,0,0,0,0,0,0,0,0,0,0,0,0,0,0,0,0,0,0,0,0,0,0,0,0,0,0,0,0,0,,
1992,12,0,NA,0,0,0,0,0,0,0,0,0,0,0,0,0,0,0,0,0,0,0,0,0,0,0,0,0,0,0,0,0,0,0,0,0,0,0,0,0,0,0,0,0,0,0,0,0,0,0,0,0,0,0,0,0,0,0,,
1993,1,0,NA,0,0,0,0,0,0,0,0,0,0,0,0,0,0,0,0,0,0,0,0,0,0,0,0,0,0,0,0,0,0,0,0,0,0,0,0,0,0,0,0,0,0,0,0,0,0,0,0,0,0,0,0,0,0,0,,
1993,2,0,NA,0,0,0,0,0,0,0,0,0,0,0,0,0,0,0,0,0,0,0,0,0,0,0,0,0,0,0,0,0,0,0,0,0,0,0,0,0,0,0,0,0,0,0,0,0,0,0,0,0,0,0,0,0,0,0,,
1993,3,0,NA,0,0,0,0,0,0,0,0,0,0,0,0,0,0,0,0,0,0,0,0,0,0,0,0,0,0,0,0,0,0,0,0,0,0,0,0,0,0,0,0,0,0,0,0,0,0,0,0,0,0,0,0,0,0,0,,
1993,4,0,NA,0,0,0,0,0,0,0,0,0,0,0,0,0,0,0,0,0,0,0,0,0,0,0,0,0,0,0,0,0,0,0,0,0,0,0,0,0,0,0,0,0,0,0,0,0,0,0,0,0,0,0,0,0,0,0,,
1993,5,3.055453091,3.055453091,88.3374,88.335,88.5342,88.5765,88.9635,89.394,88.8228,89.0703,91.452,94.647,94.8699,87.9084,88.3254,88.6233,88.6566,90.3324,90.414,90.1725,95.8764,97.7958,96.924,88.1088,88.4847,88.7259,89.3337,91.1322,91.1388,91.773,97.4883,99.135,98.0199,88.2066,88.6329,88.8363,89.0049,90.1422,91.1475,93.2415,96.7524,96.7515,88.7763,89.0322,89.253,89.9901,90.7965,94.1382,96.8238,96.5028,89.2419,89.6055,92.4153,97.3299,97.725,98.1018,89.6778,,
1993,6,1.444355091,1.444355091,43.2048,39.8175,34.9503,44.3394,46.2711,45.4038,29.172,31.254,31.4208,26.6796,18.6885,39.7098,41.8254,42.4842,41.0991,63.8583,61.8273,44.6538,41.0625,39.9006,39.0252,38.6121,40.3191,40.8945,44.6775,74.2563,70.6668,57.9444,48.4614,42.8091,42.0561,36.8214,38.0949,37.0539,36.0075,48.6852,60.7998,58.0395,53.211,42.6696,36.5271,36.5376,36.3069,43.1466,51.7776,55.3581,43.7208,40.6275,36.3453,38.1012,51.6984,41.0478,38.9892,38.3064,35.9673,,
1993,7,4.862566364,4.862566364,146.2212,177.9249,226.0935,140.0205,154.8996,209.6436,234.3876,235.848,204.0465,152.193,136.9128,109.5333,119.5848,123.9492,113.6886,197.4366,220.62,227.5671,129.5997,80.676,79.593,108.3348,116.2314,116.9181,135.1809,209.1924,216.228,209.5536,106.0767,75.4818,78.8583,105.9273,112.3284,111.0801,107.8515,154.2723,193.0005,189.8763,134.1327,90.7536,108.0858,109.602,109.1247,135.189,163.932,161.3283,127.3161,129.4539,108.8466,115.9335,178.8189,151.1346,157.3236,167.4489,107.9784,,
1993,8,0,0,0,0,0,0,0,0,0,0,0,0,0,0,0,0,0,0,0,0,0,0,0,0,0,0,0,0,0,0,0,0,0,0,0,0,0,0,0,0,0,0,0,0,0,0,0,0,0,0,0,0,0,0,0,0,0,,
1993,9,0.943802182,0.943802182,31.0536,40.8465,47.3649,32.3604,32.5674,26.1567,17.2812,26.0142,41.4729,44.1117,43.6233,27.06,28.6686,31.227,30.6285,40.7334,33.7878,29.6169,22.3842,21.1077,29.5596,23.9754,25.5255,27.2361,32.6433,43.7991,41.2935,32.925,16.8564,15.8055,23.7123,19.4133,20.4438,17.8182,15.5442,28.8186,39.2115,35.9079,25.8153,30.3585,17.3808,16.6788,15.7911,23.3265,31.1088,32.022,29.0493,33.0282,16.2183,17.8803,32.4738,27.924,27.6294,26.8719,15.1605,,
1993,10,0,NA,0,0,0,0,0,0,0,0,0,0,0,0,0,0,0,0,0,0,0,0,0,0,0,0,0,0,0,0,0,0,0,0,0,0,0,0,0,0,0,0,0,0,0,0,0,0,0,0,0,0,0,0,0,0,0,,
1993,11,0,NA,0,0,0,0,0,0,0,0,0,0,0,0,0,0,0,0,0,0,0,0,0,0,0,0,0,0,0,0,0,0,0,0,0,0,0,0,0,0,0,0,0,0,0,0,0,0,0,0,0,0,0,0,0,0,0,,
1993,12,0,NA,0,0,0,0,0,0,0,0,0,0,0,0,0,0,0,0,0,0,0,0,0,0,0,0,0,0,0,0,0,0,0,0,0,0,0,0,0,0,0,0,0,0,0,0,0,0,0,0,0,0,0,0,0,0,0,,
1994,1,0,NA,0,0,0,0,0,0,0,0,0,0,0,0,0,0,0,0,0,0,0,0,0,0,0,0,0,0,0,0,0,0,0,0,0,0,0,0,0,0,0,0,0,0,0,0,0,0,0,0,0,0,0,0,0,0,0,,
1994,2,0,NA,0,0,0,0,0,0,0,0,0,0,0,0,0,0,0,0,0,0,0,0,0,0,0,0,0,0,0,0,0,0,0,0,0,0,0,0,0,0,0,0,0,0,0,0,0,0,0,0,0,0,0,0,0,0,0,,
1994,3,0,NA,0,0,0,0,0,0,0,0,0,0,0,0,0,0,0,0,0,0,0,0,0,0,0,0,0,0,0,0,0,0,0,0,0,0,0,0,0,0,0,0,0,0,0,0,0,0,0,0,0,0,0,0,0,0,0,,
1994,4,0,NA,0,0,0,0,0,0,0,0,0,0,0,0,0,0,0,0,0,0,0,0,0,0,0,0,0,0,0,0,0,0,0,0,0,0,0,0,0,0,0,0,0,0,0,0,0,0,0,0,0,0,0,0,0,0,0,,
1994,5,2.246019455,2.246019455,87.7422,87.9681,88.194,87.9687,88.1943,88.5273,88.6491,88.8786,89.3166,90.9822,93.2019,87.7422,87.9684,88.1937,88.4202,88.8267,89.0349,89.2044,89.9349,90.5247,90.8529,87.9669,88.1922,88.4178,88.6449,89.1534,89.3436,89.5983,90.273,90.6006,90.6651,88.1907,88.416,88.6416,88.8681,89.2179,89.5401,89.9352,90.3837,90.4722,88.6401,88.8651,89.0904,89.3172,89.685,90.2016,90.312,90.4149,89.0892,89.3127,90.1635,90.3945,90.5673,90.6711,89.5389,,
1994,6,0.391917273,0.391917273,7.8909,5.9883,5.6808,7.8594,8.6997,10.2783,6.9981,6.4746,7.1409,11.3727,11.5113,5.7393,6.5991,6.9657,6.078,12.8925,12.6489,10.5117,11.1798,13.257,13.5693,5.6313,6.3099,6.3732,7.9629,14.352,14.1492,13.1055,13.1469,14.4477,16.0932,5.3247,5.9679,5.8587,5.5848,9.6093,12.9939,14.3211,16.5006,19.6584,5.6013,5.7348,5.7033,7.9758,10.518,13.737,26.4849,30.0447,5.6721,6.2943,16.0767,33.8187,36.9609,39.7077,5.6058,,
1994,7,5.082307818,5.082307818,100.221,114.429,117.4533,103.074,99.1728,79.2906,73.3167,86.5428,158.8242,208.4523,191.0823,131.2014,127.878,114.3597,110.6805,93.1344,81.9165,81.9222,216.5346,251.1093,237.6024,149.949,145.4544,135.1032,113.4651,95.3121,89.3049,99.7662,233.7942,267.1545,241.4832,177.2481,174.9669,190.7322,202.9452,150.6366,111.9843,127.1619,196.9875,206.886,191.5599,197.0049,202.3062,172.4619,142.8564,161.5707,169.0185,148.9074,199.4412,193.7481,130.359,138.3765,127.7886,116.3739,205.5012,,
1994,8,1.510927273,1.510927273,33.6525,58.1541,81.234,31.4649,33.9957,48.7269,72.5178,77.5989,84.2022,66.8418,60.6315,29.2101,29.7807,29.1474,28.185,34.8234,44.3967,56.7483,68.8203,65.2692,68.0241,30.5259,30.8409,30.1533,29.9292,34.7109,37.9149,46.1061,60.4977,63.7563,65.5449,32.4003,32.6601,33.7866,34.5063,34.1277,34.6578,43.4685,51.1086,65.1501,33.6156,34.065,34.5099,34.2372,34.4343,43.6731,54.3591,55.4547,34.1973,34.38,35.037,47.2722,45.5091,42.3654,34.6485,,
1994,9,2.246019455,2.246019455,61.7811,70.3032,86.7537,56.3265,62.5788,99.495,131.7315,120.2553,93.2655,75.5694,59.9646,49.5786,51.5067,49.9785,47.0862,65.8296,89.1357,102.5754,86.7516,70.9404,62.0673,52.4223,53.619,52.0659,54.1437,72.0198,77.1537,91.4763,82.6827,74.0055,64.2543,56.4198,57.621,60.0054,61.323,64.6191,68.2122,78.6333,73.4832,55.1142,59.3571,60.6654,61.4688,63.0189,65.0712,71.6886,51.5448,44.6919,60.8568,61.6707,65.6496,47.0751,45.012,43.7412,61.671,,
1994,10,0,NA,0,0,0,0,0,0,0,0,0,0,0,0,0,0,0,0,0,0,0,0,0,0,0,0,0,0,0,0,0,0,0,0,0,0,0,0,0,0,0,0,0,0,0,0,0,0,0,0,0,0,0,0,0,0,0,,
1994,11,0,NA,0,0,0,0,0,0,0,0,0,0,0,0,0,0,0,0,0,0,0,0,0,0,0,0,0,0,0,0,0,0,0,0,0,0,0,0,0,0,0,0,0,0,0,0,0,0,0,0,0,0,0,0,0,0,0,,
1994,12,0,NA,0,0,0,0,0,0,0,0,0,0,0,0,0,0,0,0,0,0,0,0,0,0,0,0,0,0,0,0,0,0,0,0,0,0,0,0,0,0,0,0,0,0,0,0,0,0,0,0,0,0,0,0,0,0,0,,
1995,1,0,NA,0,0,0,0,0,0,0,0,0,0,0,0,0,0,0,0,0,0,0,0,0,0,0,0,0,0,0,0,0,0,0,0,0,0,0,0,0,0,0,0,0,0,0,0,0,0,0,0,0,0,0,0,0,0,0,,
1995,2,0,NA,0,0,0,0,0,0,0,0,0,0,0,0,0,0,0,0,0,0,0,0,0,0,0,0,0,0,0,0,0,0,0,0,0,0,0,0,0,0,0,0,0,0,0,0,0,0,0,0,0,0,0,0,0,0,0,,
1995,3,0,NA,0,0,0,0,0,0,0,0,0,0,0,0,0,0,0,0,0,0,0,0,0,0,0,0,0,0,0,0,0,0,0,0,0,0,0,0,0,0,0,0,0,0,0,0,0,0,0,0,0,0,0,0,0,0,0,,
1995,4,0,NA,0,0,0,0,0,0,0,0,0,0,0,0,0,0,0,0,0,0,0,0,0,0,0,0,0,0,0,0,0,0,0,0,0,0,0,0,0,0,0,0,0,0,0,0,0,0,0,0,0,0,0,0,0,0,0,,
1995,5,3.046872545,3.046872545,88.2966,88.4913,88.6752,88.5252,88.8834,89.2899,88.6893,88.9248,90.3891,91.5945,91.1307,87.852,88.3029,88.5732,88.5702,90.0996,90.1845,89.9547,92.9889,94.1463,93.9975,87.9801,88.3833,88.6218,89.3586,91.1331,91.08,91.3935,93.9426,95.3136,95.6064,88.2036,88.5576,88.7715,88.911,90.1167,91.101,92.3493,94.8405,96.3699,88.6572,88.9761,89.127,89.9577,90.7269,92.79,98.4306,99.8352,89.1108,89.5077,93.3633,101.2305,102.6483,103.8213,89.5632,,
1995,6,0.346731455,0.346731455,17.8947,15.6576,12.4926,17.8035,19.1307,17.673,9.0132,10.0464,7.3206,4.6089,5.6964,13.959,14.8596,16.3182,17.1231,25.5609,24.3069,15.3762,5.7588,2.5614,3.0744,10.8354,11.7849,13.5669,16.1694,29.1159,27.8664,19.2147,8.7489,1.8246,2.3916,6.0831,6.3564,3.6693,1.8678,12.2526,20.8197,17.1708,10.4046,3.0723,3.6417,2.7036,1.9563,7.5219,13.7622,13.3647,4.2126,2.4393,2.367,3.5295,11.1423,2.5569,1.2753,0.7818,1.4004,,
1995,7,4.247742727,4.247742727,139.4262,160.7367,185.6253,129.6435,141.3291,159.1836,167.2893,172.9698,175.1733,150.9585,147.423,107.9121,112.3176,117.7398,119.385,169.5918,179.3472,177.3078,140.7075,113.0802,107.1888,97.9077,101.8191,107.8824,118.3191,175.9962,180.7194,169.4616,134.9982,115.5051,110.3898,82.6044,84.4152,75.8244,69.9591,110.2488,146.898,155.8233,139.1646,111.1422,75.2493,72.5601,70.2798,91.5978,117.5802,132.8046,135.9642,132.5928,71.4003,75.8274,132.1983,151.4256,155.2125,162.3705,68.2974,,
1995,8,1.150274909,1.150274909,44.5275,34.6071,21.0603,45.6546,44.7852,32.4615,10.401,12.3165,20.3895,73.4799,116.0706,46.5975,45.8376,47.745,50.9388,39.261,32.6808,20.7525,25.4034,38.4699,42.2907,41.4834,41.4666,44.2338,45.4932,41.5923,37.3044,29.7105,28.5615,28.8738,29.1606,33.7227,33.1761,28.7859,26.0613,33.3003,36.6378,31.3512,31.3707,24.897,29.2884,27.4269,26.1264,29.9781,32.9208,32.4183,25.3596,22.5972,26.9598,27.4023,30.3924,23.7648,22.6275,22.3617,25.4154,,
1995,9,0.425256909,0.425256909,0.1368,0.1248,0.1101,2.7852,0.2142,0.1749,0.1422,0.1173,0.684,3.6189,4.5849,11.0454,10.8756,6.6102,1.7355,1.2,0.2295,0.1677,0.132,0.5436,0.9012,20.3292,19.4856,14.0484,10.0437,4.6956,2.0148,0.2631,0.1689,0.1197,0.09,34.3086,34.8444,42.6744,47.5104,28.4889,14.2965,3.4302,0.2343,0.138,42.1995,45.3543,47.5635,37.5549,27.0282,16.6869,0.3111,0.1551,46.2741,44.7765,20.7975,0.3177,0.1557,0.1008,49.0794,,
1995,10,0,NA,0,0,0,0,0,0,0,0,0,0,0,0,0,0,0,0,0,0,0,0,0,0,0,0,0,0,0,0,0,0,0,0,0,0,0,0,0,0,0,0,0,0,0,0,0,0,0,0,0,0,0,0,0,0,0,,
1995,11,0,NA,0,0,0,0,0,0,0,0,0,0,0,0,0,0,0,0,0,0,0,0,0,0,0,0,0,0,0,0,0,0,0,0,0,0,0,0,0,0,0,0,0,0,0,0,0,0,0,0,0,0,0,0,0,0,0,,
1995,12,0,NA,0,0,0,0,0,0,0,0,0,0,0,0,0,0,0,0,0,0,0,0,0,0,0,0,0,0,0,0,0,0,0,0,0,0,0,0,0,0,0,0,0,0,0,0,0,0,0,0,0,0,0,0,0,0,0,,
1996,1,0,NA,0,0,0,0,0,0,0,0,0,0,0,0,0,0,0,0,0,0,0,0,0,0,0,0,0,0,0,0,0,0,0,0,0,0,0,0,0,0,0,0,0,0,0,0,0,0,0,0,0,0,0,0,0,0,0,,
1996,2,0,NA,0,0,0,0,0,0,0,0,0,0,0,0,0,0,0,0,0,0,0,0,0,0,0,0,0,0,0,0,0,0,0,0,0,0,0,0,0,0,0,0,0,0,0,0,0,0,0,0,0,0,0,0,0,0,0,,
1996,3,0,NA,0,0,0,0,0,0,0,0,0,0,0,0,0,0,0,0,0,0,0,0,0,0,0,0,0,0,0,0,0,0,0,0,0,0,0,0,0,0,0,0,0,0,0,0,0,0,0,0,0,0,0,0,0,0,0,,
1996,4,0,NA,0,0,0,0,0,0,0,0,0,0,0,0,0,0,0,0,0,0,0,0,0,0,0,0,0,0,0,0,0,0,0,0,0,0,0,0,0,0,0,0,0,0,0,0,0,0,0,0,0,0,0,0,0,0,0,,
1996,5,4.030281273,4.030281273,113.9553,118.4676,125.01,113.9289,116.5248,121.89,118.5204,120.9132,124.5411,118.6686,111.0711,108.6477,111.9375,111.4662,108.7401,127.7985,128.0331,125.481,119.9745,116.7972,118.0245,109.2153,112.7694,113.157,112.821,131.5512,131.9163,128.5509,119.1975,117.8154,119.4417,109.3413,113.5878,117.2046,121.0728,127.839,129.9933,129.9558,124.5285,121.8714,114.0117,119.0034,123.6663,128.1366,130.7316,131.8152,123.8283,124.878,119.8848,125.6076,131.4495,125.19,125.6631,126.2943,127.5822,,
1996,6,4.392930909,4.392930909,54.1032,84.7293,120.8454,50.7816,58.7802,88.4391,109.5093,116.7993,163.4937,212.6499,224.6667,36.4224,44.0769,42.888,36.354,80.7339,94.1718,103.8681,215.7363,252.3915,245.1519,37.1688,44.97,45.7734,44.8542,86.118,91.4193,110.7156,229.8054,268.1814,265.833,36.9792,46.1247,54.333,63.2691,78.816,85.8819,129.2652,215.2755,271.8159,46.5744,57.5031,68.2065,78.4641,85.9194,140.2662,303.2169,324.6834,58.9308,71.4318,184.0449,349.5099,372.3255,388.6836,75.3834,,
1996,7,1.104834182,1.104834182,29.3118,29.8965,31.2288,29.1756,30.3459,32.6334,29.2674,29.7141,42.4191,57.633,57.1188,21.0321,22.68,26.1936,26.268,35.9412,35.7039,33.564,68.3148,76.2936,67.3215,16.3767,18.1119,20.7306,27.9012,39.243,38.8026,41.8875,76.0446,82.8396,69.9096,9.5499,10.6074,6.7056,3.5424,20.3292,33.2754,49.2132,66.3204,54.7365,6.2454,5.0634,3.7878,13.311,23.0757,50.3214,46.0494,35.6766,4.4025,6.4026,26.8896,37.1037,33.3642,30.2415,2.8572,,
1996,8,0.789628545,0.789628545,25.89,33.2409,38.595,24.7302,24.1179,28.6602,44.6229,43.8444,41.493,49.0347,57.9777,27.0192,25.0263,25.8039,27.651,14.5887,20.5935,29.4354,34.9302,34.0914,32.3757,26.7669,24.4653,24.612,25.0965,12.0849,13.6758,21.0723,31.0497,30.9111,26.769,26.8272,23.9958,21.5733,19.3599,15.0492,14.4288,17.1414,21.9663,19.5399,23.8209,20.3673,17.2746,14.6103,13.347,12.8817,13.5267,9.2676,19.8477,15.9042,10.1838,7.911,5.7129,3.5883,14.5356,,
1996,9,0.059406545,0.059406545,1.1493,0.363,0.3342,1.1901,1.5297,1.9338,0.2649,0.2565,0.9579,3.3513,3.2538,0.39,0.936,0.7149,0.3207,3.465,3.1515,2.1453,0.2241,1.0056,2.1087,0.4356,1.0167,1.0251,0.8367,3.7254,3.7329,2.7972,0.5436,0.3579,1.4046,0.4263,1.1205,1.6674,2.2323,3.2124,3.4989,3.0429,1.5213,2.2203,1.1634,1.9326,2.652,3.2682,3.6288,3.2673,1.7841,2.1594,2.0523,2.9151,2.8746,1.2825,1.0755,0.8622,3.2385,,
1996,10,0,NA,0,0,0,0,0,0,0,0,0,0,0,0,0,0,0,0,0,0,0,0,0,0,0,0,0,0,0,0,0,0,0,0,0,0,0,0,0,0,0,0,0,0,0,0,0,0,0,0,0,0,0,0,0,0,0,,
1996,11,0,NA,0,0,0,0,0,0,0,0,0,0,0,0,0,0,0,0,0,0,0,0,0,0,0,0,0,0,0,0,0,0,0,0,0,0,0,0,0,0,0,0,0,0,0,0,0,0,0,0,0,0,0,0,0,0,0,,
1996,12,0,NA,0,0,0,0,0,0,0,0,0,0,0,0,0,0,0,0,0,0,0,0,0,0,0,0,0,0,0,0,0,0,0,0,0,0,0,0,0,0,0,0,0,0,0,0,0,0,0,0,0,0,0,0,0,0,0,,
1997,1,0,NA,0,0,0,0,0,0,0,0,0,0,0,0,0,0,0,0,0,0,0,0,0,0,0,0,0,0,0,0,0,0,0,0,0,0,0,0,0,0,0,0,0,0,0,0,0,0,0,0,0,0,0,0,0,0,0,,
1997,2,0,NA,0,0,0,0,0,0,0,0,0,0,0,0,0,0,0,0,0,0,0,0,0,0,0,0,0,0,0,0,0,0,0,0,0,0,0,0,0,0,0,0,0,0,0,0,0,0,0,0,0,0,0,0,0,0,0,,
1997,3,0,NA,0,0,0,0,0,0,0,0,0,0,0,0,0,0,0,0,0,0,0,0,0,0,0,0,0,0,0,0,0,0,0,0,0,0,0,0,0,0,0,0,0,0,0,0,0,0,0,0,0,0,0,0,0,0,0,,
1997,4,0,NA,0,0,0,0,0,0,0,0,0,0,0,0,0,0,0,0,0,0,0,0,0,0,0,0,0,0,0,0,0,0,0,0,0,0,0,0,0,0,0,0,0,0,0,0,0,0,0,0,0,0,0,0,0,0,0,,
1997,5,3.472748,3.472748,98.7312,97.4286,95.8059,103.0767,103.6611,103.5621,100.0179,100.1412,101.3127,112.6326,120.255,101.9316,102.708,102.8112,102.4179,107.0535,106.2045,104.3064,102.2328,106.0398,108.1881,102.2178,103.1706,103.3287,103.4169,107.4006,107.5113,105.9906,103.674,103.4469,104.5386,102.4377,103.5771,104.4888,105.5124,106.9992,107.5449,106.9974,104.5515,104.0061,103.8762,105.1476,106.2936,107.3544,108.0192,107.091,101.5257,100.6674,105.5613,106.9452,105.1752,98.5974,98.1408,96.6492,107.6601,,
1997,6,2.770153818,2.770153818,115.4865,105.0183,73.0179,109.4073,100.1652,63.1485,45.0792,48.5307,60.4818,65.079,63.306,125.9706,117.2373,118.5699,126.2697,76.4214,59.1228,53.5476,63.1266,69.096,72.9138,125.1249,116.2878,115.3599,116.5455,69.5412,63.7662,58.0194,64.8357,68.5791,71.874,125.3718,115.0758,105.7992,95.6904,78.2178,70.8846,62.6304,65.2377,73.9638,114.6222,102.3636,90.3597,78.8433,71.3544,63.6402,67.971,69.3024,100.8099,86.787,62.0871,63.4668,62.7843,60.1839,82.3767,,
1997,7,0.802807091,0.802807091,30.2598,32.877,28.884,24.5178,21.3492,11.9223,16.2123,19.2306,29.07,29.976,31.9734,30.7275,26.9844,27.8076,31.0872,9.3624,6.8244,10.8087,33.7443,39.2658,39.6222,30.3498,26.5188,26.2161,26.8191,6.1482,5.247,9.2058,33.3243,40.6437,41.1291,30.4506,25.9269,21.8661,17.6274,10.2309,7.806,11.8266,27.2301,41.139,25.698,20.2398,14.9685,10.1919,7.4868,11.7342,38.4963,41.4339,19.5021,13.2933,15.7572,39.8043,41.3589,41.2284,11.2257,,
1997,8,1.206014182,1.206014182,37.236,49.4667,71.6478,21.8349,23.8131,35.8458,55.275,59.316,65.79,75.6114,86.7834,19.0113,19.8627,20.0943,19.2936,24.0078,31.9326,41.9631,44.6085,44.3823,50.3004,19.0767,19.8519,20.1825,20.1987,24.498,26.8734,32.6904,36.1554,38.3541,44.7153,19.0425,19.8717,20.8233,22.0485,23.9646,25.4859,29.1582,35.0058,50.8119,19.872,20.9751,22.0872,23.5164,24.7431,29.5566,55.6131,63.5991,21.0468,22.2615,36.8343,64.1154,65.2332,71.0706,22.5135,,
1997,9,0.319846545,0.319846545,39.4023,35.5236,40.1727,9.6054,9.1905,6.1707,1.7514,1.6617,3.213,12.1272,17.8245,9.9714,9.8517,9.8097,9.849,9.2214,7.0947,4.9146,5.5551,7.8072,8.1735,9.9627,9.8844,9.8235,9.8076,9.6162,8.8833,7.2909,6.777,6.6765,6.2124,9.9543,9.8844,9.7716,9.5952,9.4086,9.0558,8.4771,7.506,4.9815,9.8727,9.7779,9.6351,9.4872,9.2499,8.6838,3.8604,2.7582,9.7632,9.6792,7.2831,2.3499,2.19,1.0752,9.6207,,
1997,10,0,NA,0,0,0,0,0,0,0,0,0,0,0,0,0,0,0,0,0,0,0,0,0,0,0,0,0,0,0,0,0,0,0,0,0,0,0,0,0,0,0,0,0,0,0,0,0,0,0,0,0,0,0,0,0,0,0,,
1997,11,0,NA,0,0,0,0,0,0,0,0,0,0,0,0,0,0,0,0,0,0,0,0,0,0,0,0,0,0,0,0,0,0,0,0,0,0,0,0,0,0,0,0,0,0,0,0,0,0,0,0,0,0,0,0,0,0,0,,
1997,12,0,NA,0,0,0,0,0,0,0,0,0,0,0,0,0,0,0,0,0,0,0,0,0,0,0,0,0,0,0,0,0,0,0,0,0,0,0,0,0,0,0,0,0,0,0,0,0,0,0,0,0,0,0,0,0,0,0,,
1998,1,0,NA,0,0,0,0,0,0,0,0,0,0,0,0,0,0,0,0,0,0,0,0,0,0,0,0,0,0,0,0,0,0,0,0,0,0,0,0,0,0,0,0,0,0,0,0,0,0,0,0,0,0,0,0,0,0,0,,
1998,2,0,NA,0,0,0,0,0,0,0,0,0,0,0,0,0,0,0,0,0,0,0,0,0,0,0,0,0,0,0,0,0,0,0,0,0,0,0,0,0,0,0,0,0,0,0,0,0,0,0,0,0,0,0,0,0,0,0,,
1998,3,0,NA,0,0,0,0,0,0,0,0,0,0,0,0,0,0,0,0,0,0,0,0,0,0,0,0,0,0,0,0,0,0,0,0,0,0,0,0,0,0,0,0,0,0,0,0,0,0,0,0,0,0,0,0,0,0,0,,
1998,4,0,NA,0,0,0,0,0,0,0,0,0,0,0,0,0,0,0,0,0,0,0,0,0,0,0,0,0,0,0,0,0,0,0,0,0,0,0,0,0,0,0,0,0,0,0,0,0,0,0,0,0,0,0,0,0,0,0,,
1998,5,2.968288,2.968288,87.7404,87.9657,88.1907,87.9666,88.191,88.416,88.6425,88.8684,89.094,89.3187,89.5428,87.741,87.9669,88.1913,88.4157,88.6407,88.8663,89.0916,89.3169,89.5413,89.7654,87.9657,88.1904,88.4151,88.6398,88.8648,89.0898,89.3151,89.5401,89.7642,89.9883,88.1895,88.4142,88.6389,88.8636,89.0883,89.3133,89.5386,89.7636,89.9874,88.6386,88.8627,89.0865,89.3106,89.5362,89.7624,89.9874,90.2121,89.0871,89.31,89.9865,90.2115,90.4374,90.6648,89.5368,,
1998,6,1.007956545,1.007956545,38.124,37.8912,58.8312,12.8457,16.7103,24.3891,18.2124,22.7541,40.0422,62.2542,68.6868,4.5117,9.6765,8.4147,3.7824,34.7376,34.2429,29.8557,38.2062,44.9712,49.2051,5.0508,10.5411,10.7493,9.8496,39.699,40.0377,36.0741,39.7539,42.3639,44.2161,4.9008,11.4873,17.13,22.9932,33.5607,36.7797,41.4978,41.8914,43.6749,11.8281,19.6572,27.0327,33.7674,37.695,42.8991,38.8917,38.3064,20.7456,29.7063,40.2633,34.359,33.7374,30.9903,32.6523,,
1998,7,1.943388364,1.943388364,25.0413,7.2915,15.0087,40.3236,49.56,63.5328,22.6881,20.6115,18.3204,34.5105,41.6634,19.5966,33.1341,29.4801,17.3016,99.5724,93.3228,67.2549,41.5974,45.2874,43.8069,21.0618,35.6043,35.9394,33.3969,113.1555,112.4652,92.6184,55.0674,47.8917,47.3496,20.688,38.2392,53.2737,68.685,96.5931,104.3538,101.9772,78.2097,49.9692,39.1977,60.204,79.7883,97.4757,107.4069,110.2377,62.9733,59.4207,63.1863,87.1257,106.7904,67.8486,65.067,69.2982,95.1252,,
1998,8,0.822638364,0.822638364,7.6221,14.2149,24.8868,11.1288,14.8125,32.8935,47.268,43.4259,40.4217,42.0267,35.4588,5.6076,7.9824,7.9191,5.9139,20.1348,30.9882,37.4394,45.384,48.8175,46.2498,5.7537,7.8978,8.2935,8.1087,17.4555,21.897,29.9055,48.2784,51.1263,47.922,5.7573,8.1804,10.5834,13.3794,17.3421,20.4012,28.0425,37.9179,44.3643,8.406,11.3547,14.496,17.1393,19.6341,24.7029,40.7856,38.2116,11.8833,15.012,25.8969,37.4151,37.7802,34.9368,16.4955,,
1998,9,3.295899455,3.295899455,158.4852,147.4671,103.0284,151.9584,139.4538,98.1987,88.8069,86.0571,67.0878,39.0936,30.4527,175.7373,162.1368,164.7627,176.6208,97.7982,83.0175,82.4205,46.6626,28.0668,25.6872,174.3921,160.4214,159.2682,161.3673,86.9139,81.1437,75.6762,39.462,28.0044,28.3836,174.7542,158.2989,143.7069,128.1852,101.0997,90.7989,67.4013,47.8824,32.3304,157.491,137.8836,118.9134,101.2617,90.1296,67.6206,44.6343,44.991,135.2739,112.9014,68.274,52.5375,51.2697,56.9289,105.6327,,
1998,10,0,NA,0,0,0,0,0,0,0,0,0,0,0,0,0,0,0,0,0,0,0,0,0,0,0,0,0,0,0,0,0,0,0,0,0,0,0,0,0,0,0,0,0,0,0,0,0,0,0,0,0,0,0,0,0,0,0,,
1998,11,0,NA,0,0,0,0,0,0,0,0,0,0,0,0,0,0,0,0,0,0,0,0,0,0,0,0,0,0,0,0,0,0,0,0,0,0,0,0,0,0,0,0,0,0,0,0,0,0,0,0,0,0,0,0,0,0,0,,
1998,12,0,NA,0,0,0,0,0,0,0,0,0,0,0,0,0,0,0,0,0,0,0,0,0,0,0,0,0,0,0,0,0,0,0,0,0,0,0,0,0,0,0,0,0,0,0,0,0,0,0,0,0,0,0,0,0,0,0,,
1999,1,0,NA,0,0,0,0,0,0,0,0,0,0,0,0,0,0,0,0,0,0,0,0,0,0,0,0,0,0,0,0,0,0,0,0,0,0,0,0,0,0,0,0,0,0,0,0,0,0,0,0,0,0,0,0,0,0,0,,
1999,2,0,NA,0,0,0,0,0,0,0,0,0,0,0,0,0,0,0,0,0,0,0,0,0,0,0,0,0,0,0,0,0,0,0,0,0,0,0,0,0,0,0,0,0,0,0,0,0,0,0,0,0,0,0,0,0,0,0,,
1999,3,0,NA,0,0,0,0,0,0,0,0,0,0,0,0,0,0,0,0,0,0,0,0,0,0,0,0,0,0,0,0,0,0,0,0,0,0,0,0,0,0,0,0,0,0,0,0,0,0,0,0,0,0,0,0,0,0,0,,
1999,4,0,NA,0,0,0,0,0,0,0,0,0,0,0,0,0,0,0,0,0,0,0,0,0,0,0,0,0,0,0,0,0,0,0,0,0,0,0,0,0,0,0,0,0,0,0,0,0,0,0,0,0,0,0,0,0,0,0,,
1999,5,6.194318545,6.194318545,204.2394,192.1947,186.5811,190.2378,189.9273,179.8569,157.3542,157.7838,155.9565,155.6829,160.8963,189.2121,190.8306,190.266,189.1626,198.2562,188.9226,176.895,167.4627,162.801,156.2685,189.6519,191.6346,191.6298,191.4018,202.4964,199.5387,189.5361,172.1049,167.9079,162.4776,189.8037,192.2706,194.1759,195.8874,199.4196,199.2876,194.1264,185.4489,161.091,192.5985,195.4452,197.9025,200.1105,200.8053,199.8117,177.4104,174.8619,196.0455,199.3992,202.317,188.6997,188.8503,195.1683,200.5206,,
1999,6,0.656867818,0.656867818,35.2494,47.733,58.521,25.0011,24.0453,28.5306,51.3966,54.0858,47.082,17.3496,13.5156,28.3647,25.5453,26.574,29.1582,11.7519,18.6228,31.5927,21.9231,9.6663,10.9587,28.0098,24.8067,24.8964,25.5315,7.1988,9.2232,15.7233,10.3284,7.1586,9.1803,28.1043,24.1605,20.9457,17.778,11.6433,10.6494,7.9461,5.1348,10.8396,23.9535,19.2876,15.0495,11.217,9.3924,4.2648,8.4438,9.6942,18.6219,13.1934,4.0872,6.837,6.4986,5.8722,11.4924,,
1999,7,0.498144727,0.498144727,20.6262,21.0783,17.5647,16.2048,14.6385,10.8297,13.5312,13.2402,12.6471,19.2771,27.4869,19.5246,17.4669,17.9784,19.8297,7.7304,7.3494,9.5646,11.5254,15.0735,17.3745,19.2957,17.0943,17.0022,17.3709,5.1189,4.9563,6.7611,10.9428,12.9996,16.4103,19.3653,16.7355,14.4801,12.1377,7.8066,6.5415,5.9124,10.4415,20.1474,16.6197,13.5063,10.5711,7.8078,6.282,6.6414,23.9499,28.4067,13.0995,9.4941,11.6277,29.463,29.9832,34.0302,8.394,,
1999,8,4.702150545,4.702150545,156.699,120.021,68.8701,197.4186,194.556,161.5584,92.8095,87.9702,81.9705,89.6607,90.7614,180.5151,184.0764,195.336,197.0253,212.5143,184.7589,148.1328,123.0609,123.5229,113.2386,165.024,169.3194,177.8637,197.1498,218.385,209.751,182.2797,142.7934,129.6915,113.8677,142.4043,144.7086,131.5818,121.2108,168.1695,203.1507,194.7024,158.4627,95.1462,130.7688,126.3549,121.8978,148.6605,175.3539,183.42,81.3828,55.5279,124.3218,129.5553,160.9686,53.2614,47.9943,29.7576,119.184,,
1999,9,0.015954545,0.015954545,4.4037,4.665,6.3957,0.036,0.0453,0.0465,0.4674,0.8826,1.4115,1.8765,4.1424,0.006,0.0093,0.0135,0.0165,0.0174,0.0183,0.2853,0.4569,0.3855,0.5322,0.0045,0.006,0.0078,0.009,0.0096,0.0102,0.012,0.0135,0.0141,0.0132,0.0036,0.0042,0.0051,0.006,0.0063,0.0066,0.0072,0.0075,0.0072,0.0033,0.0039,0.0042,0.0045,0.0048,0.0048,0.0048,0.0048,0.003,0.0033,0.0036,0.0036,0.0036,0.0033,0.0024,,
1999,10,0,NA,0,0,0,0,0,0,0,0,0,0,0,0,0,0,0,0,0,0,0,0,0,0,0,0,0,0,0,0,0,0,0,0,0,0,0,0,0,0,0,0,0,0,0,0,0,0,0,0,0,0,0,0,0,0,0,,
1999,11,0,NA,0,0,0,0,0,0,0,0,0,0,0,0,0,0,0,0,0,0,0,0,0,0,0,0,0,0,0,0,0,0,0,0,0,0,0,0,0,0,0,0,0,0,0,0,0,0,0,0,0,0,0,0,0,0,0,,
1999,12,0,NA,0,0,0,0,0,0,0,0,0,0,0,0,0,0,0,0,0,0,0,0,0,0,0,0,0,0,0,0,0,0,0,0,0,0,0,0,0,0,0,0,0,0,0,0,0,0,0,0,0,0,0,0,0,0,0,,
2000,1,0,NA,0,0,0,0,0,0,0,0,0,0,0,0,0,0,0,0,0,0,0,0,0,0,0,0,0,0,0,0,0,0,0,0,0,0,0,0,0,0,0,0,0,0,0,0,0,0,0,0,0,0,0,0,0,0,0,,
2000,2,0,NA,0,0,0,0,0,0,0,0,0,0,0,0,0,0,0,0,0,0,0,0,0,0,0,0,0,0,0,0,0,0,0,0,0,0,0,0,0,0,0,0,0,0,0,0,0,0,0,0,0,0,0,0,0,0,0,,
2000,3,0,NA,0,0,0,0,0,0,0,0,0,0,0,0,0,0,0,0,0,0,0,0,0,0,0,0,0,0,0,0,0,0,0,0,0,0,0,0,0,0,0,0,0,0,0,0,0,0,0,0,0,0,0,0,0,0,0,,
2000,4,0,NA,0,0,0,0,0,0,0,0,0,0,0,0,0,0,0,0,0,0,0,0,0,0,0,0,0,0,0,0,0,0,0,0,0,0,0,0,0,0,0,0,0,0,0,0,0,0,0,0,0,0,0,0,0,0,0,,
2000,5,0.004306818,0.004306818,0,0,0,0.0009,0.0075,0.0153,0.1248,0.2751,0.5553,0.4914,0,0,0,0,0,0.0009,0.0078,0.0165,0.1386,0.2958,0,0,0,0,0,0,0,0.0009,0.0087,0.1242,0,0,0,0,0,0,0,0,0.0009,0.7704,0,0,0,0,0,0,0.4938,0.7878,0,0,0.0042,0.4002,0.3852,0,0.12920454,,
2000,6,0.166432273,0.166432273,0,0,0,0,0,0,0,0.2601,2.3004,5.9271,0,0,1.7877,0.6015,0.105,0,0,0.0108,3.1563,5.274,0,3.7479,3.4491,2.4084,0.6393,0.1662,0,0.3375,3.879,4.6848,0,6.3285,6.2118,7.611,8.6232,4.4529,1.4568,0.99,2.8887,4.1019,7.8504,8.4972,9.0495,6.417,3.9504,2.5239,2.697,2.541,8.7123,8.3256,3.0816,1.7256,1.809,0,4.99296819,,
2000,7,2.526041818,2.526041818,0,0,0,72.0258,84.7722,146.9439,209.4531,205.6329,166.8054,114.2364,0,0,52.8093,58.5585,57.1881,96.072,135.6609,167.859,152.4303,118.968,0,41.2677,45.3408,49.0377,61.6611,93.1542,107.8152,131.5395,128.3478,121.9131,0,31.6383,34.5012,29.2551,25.0242,58.0011,83.3406,112.0227,118.6056,125.1408,27.324,25.572,23.4075,42.978,62.9115,96.5886,144.0267,151.3767,24.585,28.4751,86.9478,166.3062,169.1589,0,75.78125454,,
2000,8,0.336176364,0.336176364,0,0,0,14.1303,17.1246,36.2025,55.1757,50.6646,49.5675,51.1872,0,0,8.8089,9.1989,8.7996,13.3617,26.9982,36.939,27.4092,22.4682,0,7.9593,8.5044,8.8809,8.8146,10.5372,15.2916,24.315,21.7917,18.0474,0,7.9611,8.4042,9.0336,9.981,11.2044,13.3764,16.0527,14.3244,13.7136,8.4051,8.9229,9.7263,10.6758,12.0147,10.9965,9.975,7.8507,8.9346,9.4476,8.9349,6.0594,5.8815,0,10.08529092,,
2000,9,0.063381636,0.063381636,0.5997,0.6363,1.8774,0.9348,1.1592,1.4661,0.81,1.3362,2.4951,2.2407,2.3049,0.3525,0.7449,0.6273,0.2721,2.4432,2.1972,1.7331,3.5388,3.3441,2.9049,0.4065,0.8514,0.8637,0.7872,3.5076,3.312,3.0018,3.537,3.6747,2.958,0.384,0.915,1.3584,1.8036,2.7381,2.9229,3.6138,3.7557,2.145,0.9237,1.5426,2.1156,2.715,2.9904,3.7155,1.4655,0.9078,1.605,2.3595,3.0054,0.8379,0.9429,0.3801,2.5179,,
2000,10,0,NA,0,0,0,0,0,0,0,0,0,0,0,0,0,0,0,0,0,0,0,0,0,0,0,0,0,0,0,0,0,0,0,0,0,0,0,0,0,0,0,0,0,0,0,0,0,0,0,0,0,0,0,0,0,0,0,,
2000,11,0,NA,0,0,0,0,0,0,0,0,0,0,0,0,0,0,0,0,0,0,0,0,0,0,0,0,0,0,0,0,0,0,0,0,0,0,0,0,0,0,0,0,0,0,0,0,0,0,0,0,0,0,0,0,0,0,0,,
2000,12,0,NA,0,0,0,0,0,0,0,0,0,0,0,0,0,0,0,0,0,0,0,0,0,0,0,0,0,0,0,0,0,0,0,0,0,0,0,0,0,0,0,0,0,0,0,0,0,0,0,0,0,0,0,0,0,0,0,,
2001,1,0,NA,0,0,0,0,0,0,0,0,0,0,0,0,0,0,0,0,0,0,0,0,0,0,0,0,0,0,0,0,0,0,0,0,0,0,0,0,0,0,0,0,0,0,0,0,0,0,0,0,0,0,0,0,0,0,0,,
2001,2,0,NA,0,0,0,0,0,0,0,0,0,0,0,0,0,0,0,0,0,0,0,0,0,0,0,0,0,0,0,0,0,0,0,0,0,0,0,0,0,0,0,0,0,0,0,0,0,0,0,0,0,0,0,0,0,0,0,,
2001,3,0,NA,0,0,0,0,0,0,0,0,0,0,0,0,0,0,0,0,0,0,0,0,0,0,0,0,0,0,0,0,0,0,0,0,0,0,0,0,0,0,0,0,0,0,0,0,0,0,0,0,0,0,0,0,0,0,0,,
2001,4,0,NA,0,0,0,0,0,0,0,0,0,0,0,0,0,0,0,0,0,0,0,0,0,0,0,0,0,0,0,0,0,0,0,0,0,0,0,0,0,0,0,0,0,0,0,0,0,0,0,0,0,0,0,0,0,0,0,,
2001,5,3.299131091,3.299131091,89.5206,88.0794,89.7387,90.858,91.7691,92.9391,89.4495,89.7246,96.2007,104.8728,104.4642,88.797,90.2766,90.0699,89.2533,96.2049,95.6946,93.5535,109.7583,115.5537,114.0048,89.1843,90.8307,91.0998,91.0998,99.7263,99.3954,100.2162,113.9244,118.2615,116.0955,89.3433,91.2534,92.8518,94.461,97.5903,98.4501,104.3511,112.5609,113.2809,91.5054,93.6444,95.6481,97.7472,98.8953,105.2709,110.7012,110.2506,94.0614,96.6222,105.3933,110.0283,111.4167,110.2896,97.3317,,
2001,6,1.665911091,1.665911091,41.8995,50.8953,88.9977,25.0923,34.962,77.2704,98.4303,90.9276,68.1462,43.9674,34.0038,7.1562,16.2024,14.8179,6.9639,57.8832,78.8556,85.4802,71.2857,67.1577,67.7526,8.031,17.1726,18.1806,16.9836,65.6859,72.372,80.4198,70.5189,66.4029,68.2557,7.7562,18.3348,27.8856,38.2845,56.568,64.464,73.2708,65.6553,68.6334,18.7752,31.2705,43.6146,55.5837,63.4683,68.3814,56.373,55.5906,32.8434,47.2422,61.2879,45.7569,44.937,38.9808,51.6243,,
2001,7,4.205077091,4.205077091,133.2648,143.6112,196.5942,99.7608,117.0735,167.9646,174.561,169.5864,144.7902,117.0306,120.1284,81.7812,91.272,87.2565,75.057,163.4406,185.9268,180.2787,127.0506,101.2617,94.7907,90.1965,96.9294,92.4714,98.2827,184.3935,186.9381,176.838,126.0045,100.2627,93.8742,101.4216,107.9325,115.9782,120.6411,143.8107,166.3344,163.0605,130.032,89.5293,112.3008,118.3311,122.4084,134.7588,150.5091,148.7355,99.0663,89.166,119.1522,125.3598,149.1036,98.1219,94.977,94.7214,124.2525,,
2001,8,1.441327636,1.441327636,33.2532,35.5092,54.6585,28.6185,33.6174,47.6688,46.2384,48.5286,51.1989,62.6931,81.7386,18.4812,24.504,23.1954,17.8389,53.0091,56.2824,53.6235,56.4075,62.4171,65.0229,19.0797,25.4136,25.7598,24.7824,58.6335,60.0918,58.0608,57.3657,56.9175,56.628,18.9147,26.4225,32.847,39.6093,51.825,55.9068,60.8565,55.9422,51.03,26.7852,35.5788,43.9461,51.813,56.4627,59.1036,37.8306,32.2935,36.7653,46.8375,49.5738,23.844,22.5255,14.0487,50.1903,,
2001,9,0.085028545,0.085028545,0.0123,0.0162,0.0228,0.0144,0.0201,0.0297,0.048,0.0933,3.9654,7.0272,4.8906,0.0093,0.012,0.0165,0.0237,0.0369,0.0654,0.1497,10.8129,13.4667,11.3988,0.0099,0.0129,0.018,0.0264,0.0426,0.0819,1.5318,12.9627,15.4812,12.4899,0.0105,0.0135,0.0186,0.0276,0.045,0.0906,3.4308,9.3753,8.9748,0.0138,0.0186,0.0267,0.0429,0.0834,2.7642,5.9751,3.7383,0.0177,0.0246,1.9584,3.3729,3.9114,1.5528,0.0204,,
2001,10,0,NA,0,0,0,0,0,0,0,0,0,0,0,0,0,0,0,0,0,0,0,0,0,0,0,0,0,0,0,0,0,0,0,0,0,0,0,0,0,0,0,0,0,0,0,0,0,0,0,0,0,0,0,0,0,0,0,,
2001,11,0,NA,0,0,0,0,0,0,0,0,0,0,0,0,0,0,0,0,0,0,0,0,0,0,0,0,0,0,0,0,0,0,0,0,0,0,0,0,0,0,0,0,0,0,0,0,0,0,0,0,0,0,0,0,0,0,0,,
2001,12,0,NA,0,0,0,0,0,0,0,0,0,0,0,0,0,0,0,0,0,0,0,0,0,0,0,0,0,0,0,0,0,0,0,0,0,0,0,0,0,0,0,0,0,0,0,0,0,0,0,0,0,0,0,0,0,0,0,,
2002,1,0,NA,0,0,0,0,0,0,0,0,0,0,0,0,0,0,0,0,0,0,0,0,0,0,0,0,0,0,0,0,0,0,0,0,0,0,0,0,0,0,0,0,0,0,0,0,0,0,0,0,0,0,0,0,0,0,0,,
2002,2,0,NA,0,0,0,0,0,0,0,0,0,0,0,0,0,0,0,0,0,0,0,0,0,0,0,0,0,0,0,0,0,0,0,0,0,0,0,0,0,0,0,0,0,0,0,0,0,0,0,0,0,0,0,0,0,0,0,,
2002,3,0,NA,0,0,0,0,0,0,0,0,0,0,0,0,0,0,0,0,0,0,0,0,0,0,0,0,0,0,0,0,0,0,0,0,0,0,0,0,0,0,0,0,0,0,0,0,0,0,0,0,0,0,0,0,0,0,0,,
2002,4,0,NA,0,0,0,0,0,0,0,0,0,0,0,0,0,0,0,0,0,0,0,0,0,0,0,0,0,0,0,0,0,0,0,0,0,0,0,0,0,0,0,0,0,0,0,0,0,0,0,0,0,0,0,0,0,0,0,,
2002,5,0.173302609,0.173302609,0,0,0,3.3228,4.2135,4.9701,0.7005,0.5745,0.0909,0.0909,0,0,2.5587,2.2809,1.0767,10.0413,8.9028,6.2112,0,0,0,1.2801,2.7357,2.6892,2.3679,9.7434,9.9912,7.1127,1.4178,0.4668,0,1.2759,3.039,4.4727,6.009,8.8362,9.684,7.8441,4.5531,3.2349,3.2049,5.3424,7.3737,9.012,10.0569,9.2271,8.0715,8.403,5.7471,8.0862,11.0073,11.2011,10.6359,0,5.19907827,,
2002,6,0.519251087,0.519251087,0,0,0,20.9475,19.6737,18.3567,29.4978,31.8882,28.3533,27.2562,0,0,21.9954,22.5423,24.966,9.2841,11.5911,18.9894,13.9815,10.0638,0,24.4314,21.4641,21.4806,22.1334,5.2959,6.015,9.0522,5.3175,4.449,0,24.5115,20.9829,18.1161,15.0681,8.7564,7.4409,4.6752,3.8721,12.6975,20.8056,16.617,12.6306,8.7717,6.9489,3.6318,14.1948,18.7047,16.0212,11.1249,6.477,17.6991,17.7924,0,15.57753261,,
2002,7,0,0,0,0,0,0,0,0,0,0,0,0,0,0,0,0,0,0,0,0,0,0,0,0,0,0,0,0,0,0,0,0,0,0,0,0,0,0,0,0,0,0,0,0,0,0,0,0,0,0,0,0,0,0,0,0,0,,
2002,8,0.020046957,0.020046957,0,0,0,0.0561,0.1086,0.1728,1.0785,1.9203,1.8924,0.621,0,0,0,0,0,0.1356,0.1797,0.6393,0.9888,1.4391,0,0,0,0,0.0009,0.1947,0.1857,0.1788,0.0645,0.6858,0,0,0,0,0.0948,0.1563,0.1644,0.1569,0.0051,4.2462,0,0.0006,0.117,0.1521,0.1668,0.1716,2.721,4.3407,0.0009,0.1311,0.1674,2.2056,2.1237,0,0.60140871,,
2002,9,0.415081636,0.415081636,9.4632,6.2403,7.2048,9.3702,10.5378,11.9931,5.5506,5.001,7.3299,13.6008,13.4775,6.621,8.4549,7.9407,6.2883,17.2419,16.0812,12.0447,12.0525,13.7655,13.6545,6.8301,8.8245,8.8656,8.5146,19.6692,19.3542,16.905,14.8275,14.6559,13.9743,6.7692,9.1749,11.2065,13.2843,17.1639,18.1542,18.8907,17.0289,13.3299,9.2895,12.1389,14.7948,17.2563,18.5766,19.7373,12.8235,11.7477,12.5247,15.8244,18.2304,11.6844,11.4243,10.6446,16.8495,,
2002,10,0,NA,0,0,0,0,0,0,0,0,0,0,0,0,0,0,0,0,0,0,0,0,0,0,0,0,0,0,0,0,0,0,0,0,0,0,0,0,0,0,0,0,0,0,0,0,0,0,0,0,0,0,0,0,0,0,0,,
2002,11,0,NA,0,0,0,0,0,0,0,0,0,0,0,0,0,0,0,0,0,0,0,0,0,0,0,0,0,0,0,0,0,0,0,0,0,0,0,0,0,0,0,0,0,0,0,0,0,0,0,0,0,0,0,0,0,0,0,,
2002,12,0,NA,0,0,0,0,0,0,0,0,0,0,0,0,0,0,0,0,0,0,0,0,0,0,0,0,0,0,0,0,0,0,0,0,0,0,0,0,0,0,0,0,0,0,0,0,0,0,0,0,0,0,0,0,0,0,0,,
2003,1,0,NA,0,0,0,0,0,0,0,0,0,0,0,0,0,0,0,0,0,0,0,0,0,0,0,0,0,0,0,0,0,0,0,0,0,0,0,0,0,0,0,0,0,0,0,0,0,0,0,0,0,0,0,0,0,0,0,,
2003,2,0,NA,0,0,0,0,0,0,0,0,0,0,0,0,0,0,0,0,0,0,0,0,0,0,0,0,0,0,0,0,0,0,0,0,0,0,0,0,0,0,0,0,0,0,0,0,0,0,0,0,0,0,0,0,0,0,0,,
2003,3,0,NA,0,0,0,0,0,0,0,0,0,0,0,0,0,0,0,0,0,0,0,0,0,0,0,0,0,0,0,0,0,0,0,0,0,0,0,0,0,0,0,0,0,0,0,0,0,0,0,0,0,0,0,0,0,0,0,,
2003,4,0,NA,0,0,0,0,0,0,0,0,0,0,0,0,0,0,0,0,0,0,0,0,0,0,0,0,0,0,0,0,0,0,0,0,0,0,0,0,0,0,0,0,0,0,0,0,0,0,0,0,0,0,0,0,0,0,0,,
2003,5,2.990307455,2.990307455,87.7425,87.9684,88.194,87.9693,88.1943,88.4205,88.6479,88.8756,89.1033,89.3313,89.5563,87.7428,87.9693,88.1946,88.4202,88.6467,88.8741,89.103,89.3337,90.1422,91.0551,87.9678,88.1934,88.419,88.6452,88.8726,89.1015,89.3334,89.5701,90.2352,91.59,88.1922,88.4178,88.6434,88.8699,89.0982,89.3307,89.5719,90.3243,93.0141,88.6422,88.8678,89.094,89.3229,89.5608,90.2034,93.9369,95.5188,89.0925,89.3178,91.5432,95.5506,95.8467,97.0899,89.544,,
2003,6,0.614715273,0.614715273,3.2334,7.7451,14.1549,1.0065,1.8027,7.4199,15.9837,16.2486,30.1563,51.3147,56.8383,0.0777,0.255,0.4227,0.3501,0.9279,5.0913,9.7332,50.3223,63.6894,59.7777,0.0798,0.1068,0.3189,0.4155,0.54,1.974,10.6803,56.7195,67.6449,62.1207,0.0807,0.1062,0.2529,0.5151,0.8322,1.6206,15.8679,44.8284,55.3455,0.1047,0.1416,0.3267,0.6222,1.2012,14.8563,51.3246,50.4882,0.1332,0.186,20.1519,51.4962,54.3837,52.1076,0.1548,,
2003,7,3.227844,3.227844,76.9122,109.7379,142.1925,80.4702,83.8125,120.4923,186.114,183.3702,184.1214,221.4906,213.7986,78.7428,76.7925,78.6696,80.5425,66.0477,96.0069,130.0221,112.0824,103.6812,117.1341,78.3921,75.651,76.5045,77.4396,60.4455,69.3684,93.3078,90.3558,87.4944,99.2325,78.465,74.6853,72.1011,70.3242,65.928,68.1798,72.1941,77.2833,108.3219,74.4048,69.9528,66.4725,64.098,64.4169,65.1225,111.6645,124.8258,69.171,63.9759,75.8235,122.0457,123.4968,130.4928,62.0706,,
2003,8,2.062317091,2.062317091,75.0117,72.5826,80.9325,65.8851,69.2748,79.2351,75.3405,72.8877,68.0727,68.6973,49.4721,59.3073,63.0636,62.2074,58.8576,82.2027,84.9063,81.2709,46.4103,34.5732,34.8591,59.6541,63.5436,63.696,63.0321,83.1393,84.7386,79.1688,44.5269,32.7972,30.7089,59.5824,64.2528,68.295,72.5466,79.8444,82.5564,74.7069,50.3619,28.3089,64.5582,70.1466,75.4368,79.9668,82.9428,72.8835,27.3078,19.7523,71.0082,77.2281,63.6222,19.3725,16.1835,12.2838,79.6188,,
2003,9,0,0,0,0,0,0,0,0,0,0,0,0,0,0,0,0,0,0,0,0,0,0,0,0,0,0,0,0,0,0,0,0,0,0,0,0,0,0,0,0,0,0,0,0,0,0,0,0,0,0,0,0,0,0,0,0,0,,
2003,10,0,NA,0,0,0,0,0,0,0,0,0,0,0,0,0,0,0,0,0,0,0,0,0,0,0,0,0,0,0,0,0,0,0,0,0,0,0,0,0,0,0,0,0,0,0,0,0,0,0,0,0,0,0,0,0,0,0,,
2003,11,0,NA,0,0,0,0,0,0,0,0,0,0,0,0,0,0,0,0,0,0,0,0,0,0,0,0,0,0,0,0,0,0,0,0,0,0,0,0,0,0,0,0,0,0,0,0,0,0,0,0,0,0,0,0,0,0,0,,
2003,12,0,NA,0,0,0,0,0,0,0,0,0,0,0,0,0,0,0,0,0,0,0,0,0,0,0,0,0,0,0,0,0,0,0,0,0,0,0,0,0,0,0,0,0,0,0,0,0,0,0,0,0,0,0,0,0,0,0,,
2004,1,0,NA,0,0,0,0,0,0,0,0,0,0,0,0,0,0,0,0,0,0,0,0,0,0,0,0,0,0,0,0,0,0,0,0,0,0,0,0,0,0,0,0,0,0,0,0,0,0,0,0,0,0,0,0,0,0,0,,
2004,2,0,NA,0,0,0,0,0,0,0,0,0,0,0,0,0,0,0,0,0,0,0,0,0,0,0,0,0,0,0,0,0,0,0,0,0,0,0,0,0,0,0,0,0,0,0,0,0,0,0,0,0,0,0,0,0,0,0,,
2004,3,0,NA,0,0,0,0,0,0,0,0,0,0,0,0,0,0,0,0,0,0,0,0,0,0,0,0,0,0,0,0,0,0,0,0,0,0,0,0,0,0,0,0,0,0,0,0,0,0,0,0,0,0,0,0,0,0,0,,
2004,4,0,NA,0,0,0,0,0,0,0,0,0,0,0,0,0,0,0,0,0,0,0,0,0,0,0,0,0,0,0,0,0,0,0,0,0,0,0,0,0,0,0,0,0,0,0,0,0,0,0,0,0,0,0,0,0,0,0,,
2004,5,2.990307455,2.990307455,87.7425,87.9684,88.194,87.9693,88.1943,88.4205,88.6479,88.8756,89.1033,89.3313,89.5563,87.7428,87.9693,88.1946,88.4202,88.6467,88.8741,89.103,89.3337,90.1422,91.0551,87.9678,88.1934,88.419,88.6452,88.8726,89.1015,89.3334,89.5701,90.2352,91.59,88.1922,88.4178,88.6434,88.8699,89.0982,89.3307,89.5719,90.3243,93.0141,88.6422,88.8678,89.094,89.3229,89.5608,90.2034,93.9369,95.5188,89.0925,89.3178,91.5432,95.5506,95.8467,97.0899,89.544,,
2004,6,0.614715273,0.614715273,3.2334,7.7451,14.1549,1.0065,1.8027,7.4199,15.9837,16.2486,30.1563,51.3147,56.8383,0.0777,0.255,0.4227,0.3501,0.9279,5.0913,9.7332,50.3223,63.6894,59.7777,0.0798,0.1068,0.3189,0.4155,0.54,1.974,10.6803,56.7195,67.6449,62.1207,0.0807,0.1062,0.2529,0.5151,0.8322,1.6206,15.8679,44.8284,55.3455,0.1047,0.1416,0.3267,0.6222,1.2012,14.8563,51.3246,50.4882,0.1332,0.186,20.1519,51.4962,54.3837,52.1076,0.1548,,
2004,7,3.227844,3.227844,76.9122,109.7379,142.1925,80.4702,83.8125,120.4923,186.114,183.3702,184.1214,221.4906,213.7986,78.7428,76.7925,78.6696,80.5425,66.0477,96.0069,130.0221,112.0824,103.6812,117.1341,78.3921,75.651,76.5045,77.4396,60.4455,69.3684,93.3078,90.3558,87.4944,99.2325,78.465,74.6853,72.1011,70.3242,65.928,68.1798,72.1941,77.2833,108.3219,74.4048,69.9528,66.4725,64.098,64.4169,65.1225,111.6645,124.8258,69.171,63.9759,75.8235,122.0457,123.4968,130.4928,62.0706,,
2004,8,2.062317091,2.062317091,75.0117,72.5826,80.9325,65.8851,69.2748,79.2351,75.3405,72.8877,68.0727,68.6973,49.4721,59.3073,63.0636,62.2074,58.8576,82.2027,84.9063,81.2709,46.4103,34.5732,34.8591,59.6541,63.5436,63.696,63.0321,83.1393,84.7386,79.1688,44.5269,32.7972,30.7089,59.5824,64.2528,68.295,72.5466,79.8444,82.5564,74.7069,50.3619,28.3089,64.5582,70.1466,75.4368,79.9668,82.9428,72.8835,27.3078,19.7523,71.0082,77.2281,63.6222,19.3725,16.1835,12.2838,79.6188,,
2004,9,0,0,0,0,0,0,0,0,0,0,0,0,0,0,0,0,0,0,0,0,0,0,0,0,0,0,0,0,0,0,0,0,0,0,0,0,0,0,0,0,0,0,0,0,0,0,0,0,0,0,0,0,0,0,0,0,0,,
2004,10,0,NA,0,0,0,0,0,0,0,0,0,0,0,0,0,0,0,0,0,0,0,0,0,0,0,0,0,0,0,0,0,0,0,0,0,0,0,0,0,0,0,0,0,0,0,0,0,0,0,0,0,0,0,0,0,0,0,,
2004,11,0,NA,0,0,0,0,0,0,0,0,0,0,0,0,0,0,0,0,0,0,0,0,0,0,0,0,0,0,0,0,0,0,0,0,0,0,0,0,0,0,0,0,0,0,0,0,0,0,0,0,0,0,0,0,0,0,0,,
2004,12,0,NA,0,0,0,0,0,0,0,0,0,0,0,0,0,0,0,0,0,0,0,0,0,0,0,0,0,0,0,0,0,0,0,0,0,0,0,0,0,0,0,0,0,0,0,0,0,0,0,0,0,0,0,0,0,0,0,,
2005,1,0,NA,0,0,0,0,0,0,0,0,0,0,0,0,0,0,0,0,0,0,0,0,0,0,0,0,0,0,0,0,0,0,0,0,0,0,0,0,0,0,0,0,0,0,0,0,0,0,0,0,0,0,0,0,0,0,0,,
2005,2,0,NA,0,0,0,0,0,0,0,0,0,0,0,0,0,0,0,0,0,0,0,0,0,0,0,0,0,0,0,0,0,0,0,0,0,0,0,0,0,0,0,0,0,0,0,0,0,0,0,0,0,0,0,0,0,0,0,,
2005,3,0,NA,0,0,0,0,0,0,0,0,0,0,0,0,0,0,0,0,0,0,0,0,0,0,0,0,0,0,0,0,0,0,0,0,0,0,0,0,0,0,0,0,0,0,0,0,0,0,0,0,0,0,0,0,0,0,0,,
2005,4,0,NA,0,0,0,0,0,0,0,0,0,0,0,0,0,0,0,0,0,0,0,0,0,0,0,0,0,0,0,0,0,0,0,0,0,0,0,0,0,0,0,0,0,0,0,0,0,0,0,0,0,0,0,0,0,0,0,,
2005,5,3.627104545,3.627104545,96.5202,95.457,106.3017,102.0504,107.0442,121.8342,118.5237,116.3118,106.2984,101.127,102.1935,92.2983,98.1108,97.1331,92.3781,125.0238,129.4332,125.4471,104.5209,99.378,99.3327,93.0873,99.1752,99.741,99.0453,130.6983,132.4497,128.727,105.0342,98.2569,98.2539,93.1515,100.3152,106.5123,113.0376,124.5717,128.607,127.0254,111.5769,98.0418,100.8639,109.2339,117.2244,124.7079,129.2346,127.2903,98.2974,95.5125,110.5425,120.1158,122.1264,95.3898,93.969,92.8635,123.3243,,
2005,6,0.908234909,0.908234909,25.209,27.9354,35.5722,19.7889,20.7645,23.5692,25.8132,28.2807,33.4905,22.5681,17.424,17.9148,18.9819,18.7761,17.8581,24.2421,25.0923,26.2389,40.1943,38.1426,32.3217,18.0159,19.1163,19.1925,19.0395,24.8004,25.2813,26.823,40.9476,44.0034,38.385,17.9922,19.3005,20.4501,21.6774,23.7912,24.6411,29.5797,38.6517,34.8681,19.3761,20.9409,22.4457,23.8137,24.7524,30.3942,39.2187,37.1886,21.1641,22.932,33.5535,42.9918,44.2464,45.288,23.5461,,
2005,7,0.908234909,0.908234909,25.209,27.9354,35.5722,19.7889,20.7645,23.5692,25.8132,28.2807,33.4905,22.5681,17.424,17.9148,18.9819,18.7761,17.8581,24.2421,25.0923,26.2389,40.1943,38.1426,32.3217,18.0159,19.1163,19.1925,19.0395,24.8004,25.2813,26.823,40.9476,44.0034,38.385,17.9922,19.3005,20.4501,21.6774,23.7912,24.6411,29.5797,38.6517,34.8681,19.3761,20.9409,22.4457,23.8137,24.7524,30.3942,39.2187,37.1886,21.1641,22.932,33.5535,42.9918,44.2464,45.288,23.5461,,
2005,8,0.908234909,0.908234909,25.209,27.9354,35.5722,19.7889,20.7645,23.5692,25.8132,28.2807,33.4905,22.5681,17.424,17.9148,18.9819,18.7761,17.8581,24.2421,25.0923,26.2389,40.1943,38.1426,32.3217,18.0159,19.1163,19.1925,19.0395,24.8004,25.2813,26.823,40.9476,44.0034,38.385,17.9922,19.3005,20.4501,21.6774,23.7912,24.6411,29.5797,38.6517,34.8681,19.3761,20.9409,22.4457,23.8137,24.7524,30.3942,39.2187,37.1886,21.1641,22.932,33.5535,42.9918,44.2464,45.288,23.5461,,
2005,9,0.908234909,0.908234909,25.209,27.9354,35.5722,19.7889,20.7645,23.5692,25.8132,28.2807,33.4905,22.5681,17.424,17.9148,18.9819,18.7761,17.8581,24.2421,25.0923,26.2389,40.1943,38.1426,32.3217,18.0159,19.1163,19.1925,19.0395,24.8004,25.2813,26.823,40.9476,44.0034,38.385,17.9922,19.3005,20.4501,21.6774,23.7912,24.6411,29.5797,38.6517,34.8681,19.3761,20.9409,22.4457,23.8137,24.7524,30.3942,39.2187,37.1886,21.1641,22.932,33.5535,42.9918,44.2464,45.288,23.5461,,
2005,10,0,NA,0,0,0,0,0,0,0,0,0,0,0,0,0,0,0,0,0,0,0,0,0,0,0,0,0,0,0,0,0,0,0,0,0,0,0,0,0,0,0,0,0,0,0,0,0,0,0,0,0,0,0,0,0,0,0,,
2005,11,0,NA,0,0,0,0,0,0,0,0,0,0,0,0,0,0,0,0,0,0,0,0,0,0,0,0,0,0,0,0,0,0,0,0,0,0,0,0,0,0,0,0,0,0,0,0,0,0,0,0,0,0,0,0,0,0,0,,
2005,12,0,NA,0,0,0,0,0,0,0,0,0,0,0,0,0,0,0,0,0,0,0,0,0,0,0,0,0,0,0,0,0,0,0,0,0,0,0,0,0,0,0,0,0,0,0,0,0,0,0,0,0,0,0,0,0,0,0,,
2006,1,0,NA,0,0,0,0,0,0,0,0,0,0,0,0,0,0,0,0,0,0,0,0,0,0,0,0,0,0,0,0,0,0,0,0,0,0,0,0,0,0,0,0,0,0,0,0,0,0,0,0,0,0,0,0,0,0,0,,
2006,2,0,NA,0,0,0,0,0,0,0,0,0,0,0,0,0,0,0,0,0,0,0,0,0,0,0,0,0,0,0,0,0,0,0,0,0,0,0,0,0,0,0,0,0,0,0,0,0,0,0,0,0,0,0,0,0,0,0,,
2006,3,0,NA,0,0,0,0,0,0,0,0,0,0,0,0,0,0,0,0,0,0,0,0,0,0,0,0,0,0,0,0,0,0,0,0,0,0,0,0,0,0,0,0,0,0,0,0,0,0,0,0,0,0,0,0,0,0,0,,
2006,4,0,NA,0,0,0,0,0,0,0,0,0,0,0,0,0,0,0,0,0,0,0,0,0,0,0,0,0,0,0,0,0,0,0,0,0,0,0,0,0,0,0,0,0,0,0,0,0,0,0,0,0,0,0,0,0,0,0,,
2006,5,2.968733636,2.968733636,33.4116,37.4748,45.7038,5.3433,3.1629,4.4877,5.6937,5.8815,7.4538,7.9968,12.669,2.1552,2.3514,2.3808,2.2572,3.615,4.2291,5.7324,6.2961,7.947,10.3989,2.1585,2.3328,2.385,2.3904,3.7929,3.9945,4.8465,6.0225,6.5589,8.7633,2.1468,2.3379,2.5476,2.8203,3.3816,3.8283,4.7418,6.1857,10.0662,2.3388,2.6076,2.9436,3.3033,3.7587,3.804,6.8466,8.0235,2.6427,3.0504,3.6027,4.7034,4.5105,3.5304,3.2013,,
2006,6,0.784144,0.784144,25.2102,23.0361,27.6102,20.3127,22.0143,28.0923,25.9749,26.5134,17.2614,22.4133,26.5074,13.575,16.9587,16.0983,13.3701,42.3789,43.5363,31.8684,12.9381,9.2847,11.4327,13.9254,17.5566,17.9268,17.5539,50.589,49.5666,36.627,18.7437,5.8758,7.4889,13.8237,18.1917,22.5768,27.9732,39.5847,42.9915,34.9065,19.6089,8.4405,18.4281,24.666,31.8933,39.3045,43.2327,34.8381,9.441,6.5814,25.7409,35.3688,32.0445,6.0624,3.7593,2.9244,39.2136,,
2006,7,0.266647273,0.266647273,20.3691,22.917,26.0286,10.7556,9.9366,10.3473,14.6553,13.8747,10.4055,4.2879,6.3156,10.926,10.2138,10.4853,11.0685,4.6809,6.147,9.9468,5.1267,2.0196,1.7448,10.8405,9.9624,9.9921,10.0989,2.4354,3.3246,5.0004,2.8833,1.4328,1.8678,10.8606,9.8355,8.8671,7.7406,5.2137,4.4607,3.1479,2.1669,3.1776,9.7809,8.31,6.708,5.0913,3.8547,3.6213,6.1065,7.5018,8.0661,5.8068,4.4766,9.2574,9.5187,11.3961,4.9104,,
2006,8,8.29259,8.29259,301.6926,332.5866,418.0041,252.6177,271.2183,335.496,403.6251,406.6602,346.0542,242.7147,180.6123,212.814,228.5199,226.8237,214.0761,341.8413,381.8646,384.2409,207.8325,111.9882,109.1964,214.1619,229.7898,232.8027,231.939,367.6569,377.3298,333.2073,198.5346,100.5969,93.9957,213.7173,231.7866,250.9074,275.2686,326.7453,346.7421,293.1615,171.7788,89.6397,232.6062,258.2751,289.5381,322.0914,339.312,268.3521,97.3743,70.8453,262.3848,301.6926,239.9967,75.8658,62.9544,53.9916,317.2518,,
2006,9,0.216249091,0.216249091,33.4116,37.4748,45.7038,5.3433,3.1629,4.4877,5.6937,5.8815,7.4538,7.9968,12.669,2.1552,2.3514,2.3808,2.2572,3.615,4.2291,5.7324,6.2961,7.947,10.3989,2.1585,2.3328,2.385,2.3904,3.7929,3.9945,4.8465,6.0225,6.5589,8.7633,2.1468,2.3379,2.5476,2.8203,3.3816,3.8283,4.7418,6.1857,10.0662,2.3388,2.6076,2.9436,3.3033,3.7587,3.804,6.8466,8.0235,2.6427,3.0504,3.6027,4.7034,4.5105,3.5304,3.2013,,
2006,10,0,NA,0,0,0,0,0,0,0,0,0,0,0,0,0,0,0,0,0,0,0,0,0,0,0,0,0,0,0,0,0,0,0,0,0,0,0,0,0,0,0,0,0,0,0,0,0,0,0,0,0,0,0,0,0,0,0,,
2006,11,0,NA,0,0,0,0,0,0,0,0,0,0,0,0,0,0,0,0,0,0,0,0,0,0,0,0,0,0,0,0,0,0,0,0,0,0,0,0,0,0,0,0,0,0,0,0,0,0,0,0,0,0,0,0,0,0,0,,
2006,12,0,NA,0,0,0,0,0,0,0,0,0,0,0,0,0,0,0,0,0,0,0,0,0,0,0,0,0,0,0,0,0,0,0,0,0,0,0,0,0,0,0,0,0,0,0,0,0,0,0,0,0,0,0,0,0,0,0,,
2007,1,0,NA,0,0,0,0,0,0,0,0,0,0,0,0,0,0,0,0,0,0,0,0,0,0,0,0,0,0,0,0,0,0,0,0,0,0,0,0,0,0,0,0,0,0,0,0,0,0,0,0,0,0,0,0,0,0,0,,
2007,2,0,NA,0,0,0,0,0,0,0,0,0,0,0,0,0,0,0,0,0,0,0,0,0,0,0,0,0,0,0,0,0,0,0,0,0,0,0,0,0,0,0,0,0,0,0,0,0,0,0,0,0,0,0,0,0,0,0,,
2007,3,0,NA,0,0,0,0,0,0,0,0,0,0,0,0,0,0,0,0,0,0,0,0,0,0,0,0,0,0,0,0,0,0,0,0,0,0,0,0,0,0,0,0,0,0,0,0,0,0,0,0,0,0,0,0,0,0,0,,
2007,4,0,NA,0,0,0,0,0,0,0,0,0,0,0,0,0,0,0,0,0,0,0,0,0,0,0,0,0,0,0,0,0,0,0,0,0,0,0,0,0,0,0,0,0,0,0,0,0,0,0,0,0,0,0,0,0,0,0,,
2007,5,3.1112358,3.1112358,91.3383,90.5544,90.7419,91.986,92.5125,92.3367,89.6787,90.3849,91.6251,93.8037,0,91.0053,91.7934,91.8255,91.4973,95.6634,94.7457,93.3951,93.1065,93.8727,0,91.2801,92.1183,92.3205,92.3943,96.1461,96.2082,94.9437,94.0956,93.9858,0,91.4937,92.4783,93.3468,94.2303,95.7081,96.2193,96.1563,95.0364,92.7303,92.7618,93.912,95.0007,96.0348,96.6702,96.612,92.5326,91.5318,94.2879,95.5467,95.8416,91.7064,91.656,0,96.2553,,
2007,6,0.299068824,0.299068824,8.1939,8.1135,10.9347,0.4275,0.609,0.7425,0.5628,1.0551,5.7882,35.9946,0,0.186,0.3132,0.2604,0.0447,1.1259,1.0194,0.9825,9.1461,18.5136,0,0.1944,0.3366,0.3255,0.2766,1.596,1.4994,2.3241,10.4052,15.3033,0,0.186,0.3585,0.63,0.8169,1.2324,1.3155,3.9402,15.057,27.5112,0.3717,0.7254,0.9777,1.2507,1.4076,8.9733,44.9712,54.4896,0.7773,1.1217,23.2749,64.4556,66.2256,0,1.2306,,
2007,7,1.136167451,1.136167451,48.6708,58.3944,77.6649,23.0238,23.3064,27.6702,42.5934,48.366,65.7102,76.0356,0,22.8228,22.5063,22.7496,23.0502,20.1438,24.0231,32.6136,68.6727,75.0168,0,22.7337,22.3047,22.3863,22.5162,19.5324,20.5902,28.56,66.7674,74.5017,0,22.7334,22.1436,21.642,21.2046,20.3382,20.5047,32.2692,51.9114,57.7542,22.095,21.2973,20.6235,20.1399,20.0592,28.3182,43.2522,37.6578,21.1794,20.2857,24.7848,31.7943,33.4356,0,19.9848,,
2007,8,2.958944314,2.958944314,69.3966,61.494,56.1366,78.0537,78.9516,74.7801,56.8668,57.6309,75.807,91.245,0,75.0429,77.5497,76.581,74.1132,90.2955,83.8284,73.5876,118.3959,128.2461,0,75.3456,78.2175,78.0831,77.3538,94.749,92.6994,90.9402,133.0251,141.9357,0,75.2541,78.7896,81.7071,84.5841,90.3042,91.1424,104.4672,127.0401,108.0849,78.9744,83.2065,87.087,90.6348,92.2821,106.3254,107.9394,96.5379,83.8056,88.7796,105.5331,105.7563,108.3453,0,90.2517,,
2007,9,2.958944314,2.958944314,69.3966,61.494,56.1366,78.0537,78.9516,74.7801,56.8668,57.6309,75.807,91.245,0,75.0429,77.5497,76.581,74.1132,90.2955,83.8284,73.5876,118.3959,128.2461,0,75.3456,78.2175,78.0831,77.3538,94.749,92.6994,90.9402,133.0251,141.9357,0,75.2541,78.7896,81.7071,84.5841,90.3042,91.1424,104.4672,127.0401,108.0849,78.9744,83.2065,87.087,90.6348,92.2821,106.3254,107.9394,96.5379,83.8056,88.7796,105.5331,105.7563,108.3453,0,90.2517,,
2007,10,0,NA,0,0,0,0,0,0,0,0,0,0,0,0,0,0,0,0,0,0,0,0,0,0,0,0,0,0,0,0,0,0,0,0,0,0,0,0,0,0,0,0,0,0,0,0,0,0,0,0,0,0,0,0,0,0,0,,
2007,11,0,NA,0,0,0,0,0,0,0,0,0,0,0,0,0,0,0,0,0,0,0,0,0,0,0,0,0,0,0,0,0,0,0,0,0,0,0,0,0,0,0,0,0,0,0,0,0,0,0,0,0,0,0,0,0,0,0,,
2007,12,0,NA,0,0,0,0,0,0,0,0,0,0,0,0,0,0,0,0,0,0,0,0,0,0,0,0,0,0,0,0,0,0,0,0,0,0,0,0,0,0,0,0,0,0,0,0,0,0,0,0,0,0,0,0,0,0,0,,
2008,1,0,NA,0,0,0,0,0,0,0,0,0,0,0,0,0,0,0,0,0,0,0,0,0,0,0,0,0,0,0,0,0,0,0,0,0,0,0,0,0,0,0,0,0,0,0,0,0,0,0,0,0,0,0,0,0,0,0,,
2008,2,0,NA,0,0,0,0,0,0,0,0,0,0,0,0,0,0,0,0,0,0,0,0,0,0,0,0,0,0,0,0,0,0,0,0,0,0,0,0,0,0,0,0,0,0,0,0,0,0,0,0,0,0,0,0,0,0,0,,
2008,3,0,NA,0,0,0,0,0,0,0,0,0,0,0,0,0,0,0,0,0,0,0,0,0,0,0,0,0,0,0,0,0,0,0,0,0,0,0,0,0,0,0,0,0,0,0,0,0,0,0,0,0,0,0,0,0,0,0,,
2008,4,0,NA,0,0,0,0,0,0,0,0,0,0,0,0,0,0,0,0,0,0,0,0,0,0,0,0,0,0,0,0,0,0,0,0,0,0,0,0,0,0,0,0,0,0,0,0,0,0,0,0,0,0,0,0,0,0,0,,
2008,5,3.170086182,3.170086182,88.26,88.0128,88.2459,88.8654,89.367,89.9085,88.9107,89.172,91.9509,100.686,106.2906,88.0758,88.674,88.8111,88.7178,91.3647,91.3929,90.9618,96.9672,102.6825,104.5041,88.3329,88.9416,89.1786,89.3478,91.4376,91.7994,92.337,99.1164,102.3891,105.1953,88.5573,89.2512,89.8821,90.5379,91.4451,91.9638,94.1322,99.8067,108.2412,89.5185,90.3129,91.08,91.7433,92.3226,95.8968,111.5262,115.3998,90.6387,91.4814,100.5192,116.5095,117.3,120.6984,91.98,,
2008,6,0.774817455,0.774817455,26.9463,21.8055,4.9026,32.0961,28.35,14.5047,7.6152,6.7338,10.4172,32.4009,42.8871,38.9718,35.28,35.9193,39.1698,17.6907,11.7504,9.471,12.1512,21.3876,27.4878,38.6154,34.8459,34.5171,35.0541,15.0396,12.8919,11.577,14.1216,16.7268,22.6122,38.7159,34.2882,30.3483,26.1021,18.7038,15.7179,12.6198,14.6901,26.8419,34.0752,28.8015,23.6889,18.8928,15.7833,13.383,24.3393,28.8216,28.1034,22.0959,14.7066,24.366,24.2682,25.0215,20.133,,
2008,7,2.803254182,2.803254182,42.9594,59.9382,92.9013,44.058,51.9666,90.651,123.6117,119.748,137.5062,147.4581,120.7812,31.4265,37.1424,36.7821,31.9218,64.2732,86.6289,101.5662,175.3791,186.8079,168.228,31.911,37.3143,38.3178,37.8189,65.7828,73.563,97.0206,186.3945,201.8256,174.8313,31.7868,37.983,43.986,50.8089,61.9539,68.4825,102.7002,147.7458,142.404,38.2965,45.7941,53.5638,61.0038,66.8586,91.0461,112.3839,90.4764,46.7775,55.2921,81.0309,84.9012,89.145,66.3483,58.0845,,
2008,8,0.815557091,0.815557091,23.7738,46.2957,81.9837,10.7355,17.3142,61.2495,113.3643,104.2788,76.3479,49.0461,40.2174,2.1312,4.4817,5.2509,3.3708,13.9713,44.4357,69.1716,52.3344,35.2488,30.0489,2.2419,3.9117,4.9692,5.1339,12.3468,21.7752,42.7548,41.5281,34.1409,28.518,2.187,3.7344,5.8617,8.7522,12.8358,17.7747,25.242,24.4539,21.7062,3.759,5.5959,8.2257,11.2449,14.556,14.8908,15.1512,10.4907,5.7591,7.8519,11.8026,8.892,9.5265,4.5975,8.4048,,0.815557091
2008,9,0.021305091,0.021305091,0.0027,0.0036,0.0054,0.003,0.0042,0.006,0.0099,0.0189,0.0546,7.6314,15.4248,0.0018,0.0024,0.0033,0.0045,0.0063,0.0102,0.0189,0.0462,2.3805,3.6207,0.0021,0.0024,0.0033,0.0045,0.0063,0.0096,0.0162,0.03,0.2004,1.1109,0.0021,0.0024,0.0033,0.0042,0.006,0.009,0.0144,0.0258,1.1082,0.0024,0.003,0.0039,0.0054,0.0081,0.0147,0.7092,1.0722,0.003,0.0036,0.0123,0.5331,0.4947,0.4641,0.0033,,
2008,10,0,NA,0,0,0,0,0,0,0,0,0,0,0,0,0,0,0,0,0,0,0,0,0,0,0,0,0,0,0,0,0,0,0,0,0,0,0,0,0,0,0,0,0,0,0,0,0,0,0,0,0,0,0,0,0,0,0,,
2008,11,0,NA,0,0,0,0,0,0,0,0,0,0,0,0,0,0,0,0,0,0,0,0,0,0,0,0,0,0,0,0,0,0,0,0,0,0,0,0,0,0,0,0,0,0,0,0,0,0,0,0,0,0,0,0,0,0,0,,
2008,12,0,NA,0,0,0,0,0,0,0,0,0,0,0,0,0,0,0,0,0,0,0,0,0,0,0,0,0,0,0,0,0,0,0,0,0,0,0,0,0,0,0,0,0,0,0,0,0,0,0,0,0,0,0,0,0,0,0,,
2009,1,0,NA,0,0,0,0,0,0,0,0,0,0,0,0,0,0,0,0,0,0,0,0,0,0,0,0,0,0,0,0,0,0,0,0,0,0,0,0,0,0,0,0,0,0,0,0,0,0,0,0,0,0,0,0,0,0,0,,
2009,2,0,NA,0,0,0,0,0,0,0,0,0,0,0,0,0,0,0,0,0,0,0,0,0,0,0,0,0,0,0,0,0,0,0,0,0,0,0,0,0,0,0,0,0,0,0,0,0,0,0,0,0,0,0,0,0,0,0,,
2009,3,0,NA,0,0,0,0,0,0,0,0,0,0,0,0,0,0,0,0,0,0,0,0,0,0,0,0,0,0,0,0,0,0,0,0,0,0,0,0,0,0,0,0,0,0,0,0,0,0,0,0,0,0,0,0,0,0,0,,
2009,4,0,NA,0,0,0,0,0,0,0,0,0,0,0,0,0,0,0,0,0,0,0,0,0,0,0,0,0,0,0,0,0,0,0,0,0,0,0,0,0,0,0,0,0,0,0,0,0,0,0,0,0,0,0,0,0,0,0,,
2009,5,0.009506727,0.009506727,0.1101,0.3423,0.6762,0.0033,0.0057,0.1692,0.3849,0.7536,0.9759,0.3801,0.366,0.0012,0.0015,0.0024,0.0036,0.0054,0.0084,0.138,0.1278,0.1335,0.9834,0.0012,0.0015,0.0021,0.0027,0.0039,0.0054,0.0078,0.0114,0.2253,2.3631,0.0012,0.0015,0.0018,0.0024,0.0033,0.0045,0.0066,0.0111,0.3828,0.0012,0.0018,0.0021,0.003,0.0042,0.0066,0.0126,0.1662,0.0015,0.0021,0.0066,0.0159,1.2219,5.6265,0.0018,,
2009,6,1.035179091,1.035179091,34.5984,36.2445,38.6541,30.6672,30.8682,31.1403,33.6996,38.2212,36.5772,26.6415,16.8528,30.9486,30.5673,30.5907,30.1743,29.6373,29.9562,32.019,31.7079,26.94,22.9149,31.0746,30.9351,30.7284,30.3636,29.5971,29.6958,31.1523,32.9127,27.5712,20.3436,31.1451,31.0668,31.0986,31.143,30.6225,30.2712,31.6194,34.2903,31.8339,31.1337,31.1259,31.1355,30.8616,30.5292,31.7739,35.4264,35.4495,31.1382,31.0902,31.2555,35.7201,33.4989,29.6679,31.1526,,
2009,7,1.289110364,1.289110364,72.9024,90.6951,103.4892,29.7093,48.453,41.3001,74.6628,91.0383,89.988,31.8633,23.568,34.3254,30.7041,29.8908,27.9999,24.2331,32.5692,47.4417,41.0661,27.0267,30.2478,36.3774,33.9411,32.6364,28.7961,22.5315,23.3388,25.59,26.1375,27.9273,32.2521,37.5828,36.2421,36.7764,37.6242,30.5529,25.9623,23.7318,26.3346,35.7687,37.3518,37.1949,37.4685,33.3438,28.0836,24.8079,32.2725,40.0101,37.4211,36.6012,27.8523,33.8664,37.5135,42.2826,37.6836,,
2009,8,0.249911636,0.249911636,13.32,11.5665,10.0329,10.2849,10.3299,11.7033,8.5782,7.1763,6.0504,14.2398,20.7228,4.812,7.1886,8.241,10.1685,12.3201,12.0144,10.341,6.66,8.1549,7.7448,3.5139,5.0619,5.9631,8.484,12.3927,12.3369,11.5293,7.9491,5.9946,5.3196,2.7084,3.6,3.2811,2.6871,7.1886,10.0281,10.4544,8.2674,4.0539,2.8437,2.9448,2.7936,5.4123,8.6481,9.729,5.8659,3.0639,2.799,3.3618,8.4525,5.3727,3.4806,2.4855,2.6364,,
2009,interpolat,0.398115636,0.398115636,46.6131,50.0778,50.9532,11.6394,13.2867,12.7239,20.0226,23.8578,21.0426,6.6927,7.9005,12.591,10.5696,9.8334,8.4786,6.4125,8.5599,12.2274,7.9764,4.0032,4.4895,13.6356,12.3714,11.616,9.447,6.0102,6.1536,5.8716,3.9258,3.3579,3.9201,14.3712,13.5513,13.8546,14.4108,10.4739,7.8405,5.1072,4.1235,4.2447,14.2407,14.1483,14.2875,12.0111,9.0042,5.6889,4.3215,4.7202,14.274,13.7481,8.3409,4.4493,4.2249,4.7775,14.415,,
2009,10,0,NA,0,0,0,0,0,0,0,0,0,0,0,0,0,0,0,0,0,0,0,0,0,0,0,0,0,0,0,0,0,0,0,0,0,0,0,0,0,0,0,0,0,0,0,0,0,0,0,0,0,0,0,0,0,0,0,,
2009,11,0,NA,0,0,0,0,0,0,0,0,0,0,0,0,0,0,0,0,0,0,0,0,0,0,0,0,0,0,0,0,0,0,0,0,0,0,0,0,0,0,0,0,0,0,0,0,0,0,0,0,0,0,0,0,0,0,0,,
2009,12,0,NA,0,0,0,0,0,0,0,0,0,0,0,0,0,0,0,0,0,0,0,0,0,0,0,0,0,0,0,0,0,0,0,0,0,0,0,0,0,0,0,0,0,0,0,0,0,0,0,0,0,0,0,0,0,0,0,,
2010,1,0,NA,0,0,0,0,0,0,0,0,0,0,0,0,0,0,0,0,0,0,0,0,0,0,0,0,0,0,0,0,0,0,0,0,0,0,0,0,0,0,0,0,0,0,0,0,0,0,0,0,0,0,0,0,0,0,0,,
2010,2,0,NA,0,0,0,0,0,0,0,0,0,0,0,0,0,0,0,0,0,0,0,0,0,0,0,0,0,0,0,0,0,0,0,0,0,0,0,0,0,0,0,0,0,0,0,0,0,0,0,0,0,0,0,0,0,0,0,,
2010,3,0,NA,0,0,0,0,0,0,0,0,0,0,0,0,0,0,0,0,0,0,0,0,0,0,0,0,0,0,0,0,0,0,0,0,0,0,0,0,0,0,0,0,0,0,0,0,0,0,0,0,0,0,0,0,0,0,0,,
2010,4,0,NA,0,0,0,0,0,0,0,0,0,0,0,0,0,0,0,0,0,0,0,0,0,0,0,0,0,0,0,0,0,0,0,0,0,0,0,0,0,0,0,0,0,0,0,0,0,0,0,0,0,0,0,0,0,0,0,,
2010,interpolat,2.974276727,2.974276727,87.741,87.9663,88.1913,87.9672,88.1916,88.4169,88.6434,88.8699,89.0958,89.322,89.8014,87.7413,87.9672,88.1919,88.4166,88.6419,88.8675,89.0934,89.3193,89.5458,90.069,87.966,88.191,88.416,88.6407,88.866,89.0916,89.3175,89.5434,89.7699,90.2367,88.1901,88.4151,88.6398,88.8645,89.0895,89.3154,89.5419,89.7687,89.9961,88.6392,88.8636,89.0877,89.3124,89.5389,89.7666,89.9958,90.2325,89.0883,89.3112,89.9916,90.2226,90.4824,99.5652,89.538,,
2010,interpolat,2.457890909,2.457890909,40.446,35.1837,36.5526,70.5087,72.051,73.5939,54.7176,51.0162,59.9577,65.9904,40.6458,58.7616,61.947,66.0099,64.1802,87.579,83.9001,72.7989,95.8845,108.5514,103.7493,54.4683,57.3942,59.8242,69.51,93.639,91.2279,88.5729,111.5139,119.6406,115.479,47.9268,50.0991,46.4052,42.9999,66.6054,84.8445,98.0613,111.378,113.7606,45.5037,44.7234,43.4943,56.8008,70.6731,97.2678,111.1212,110.6937,44.0511,47.1744,81.3393,110.6745,111.1965,110.9109,42.519,,
2010,interpolat,4.952801455,4.952801455,163.5732,183.7842,202.6359,100.3458,100.329,122.2626,154.7604,165.8391,202.4679,207.3912,206.3625,104.19,104.8101,96.0339,90.0969,107.0394,119.9325,137.1738,216.4518,227.6367,218.0967,118.4337,117.4797,109.5759,99.2439,110.9439,112.1433,130.2999,215.8812,233.8002,214.983,138.9828,139.3134,151.272,159.8334,134.1801,117.0744,139.0107,182.37,187.2906,150.8751,155.604,159.6915,144.7227,130.9569,155.1918,153.0834,136.7703,157.2249,155.0493,124.3329,124.809,114.8331,104.0058,161.646,,
2010,interpolat,1.726511636,1.726511636,32.8002,30.5094,15.9627,35.4939,33.642,24.4575,10.7133,10.566,16.3731,69.0999,114.2139,45.4029,44.6997,39.3093,36.7677,35.2437,28.6446,21.8448,24.2823,44.7501,55.2054,53.4609,52.0311,47.6052,39.7236,37.5267,34.0041,29.3514,29.2026,35.1444,48.3483,65.1708,64.5213,71.2797,76.4061,56.9922,43.0836,33.4563,39.9135,61.9824,71.4819,73.9254,76.2084,65.1336,54.2676,39.7554,78.0162,93.1701,74.9289,72.9042,61.5282,98.3211,107.7435,114.6453,77.5278,,
2010,interpolat,1.308907273,1.308907273,65.0955,78.1791,70.1211,29.2686,31.5354,49.4211,51.0948,49.1859,41.7321,53.0202,67.6341,17.5545,21.3333,21.1845,16.3662,48.2745,55.0935,53.6835,38.7633,40.479,44.4876,19.7418,22.4571,21.2541,25.7067,54.0405,55.9263,54.4296,38.2914,34.3566,38.3289,22.6254,25.0398,26.7564,27.1191,39.3717,50.0838,52.4571,42.2793,40.4772,25.6098,27.0369,27.5868,34.4244,42.42,47.052,39.9825,40.4874,27.0828,29.3094,45.1215,38.1852,37.1166,36.4869,27.5442,,
2010,10,0,NA,0,0,0,0,0,0,0,0,0,0,0,0,0,0,0,0,0,0,0,0,0,0,0,0,0,0,0,0,0,0,0,0,0,0,0,0,0,0,0,0,0,0,0,0,0,0,0,0,0,0,0,0,0,0,0,,
2010,11,0,NA,0,0,0,0,0,0,0,0,0,0,0,0,0,0,0,0,0,0,0,0,0,0,0,0,0,0,0,0,0,0,0,0,0,0,0,0,0,0,0,0,0,0,0,0,0,0,0,0,0,0,0,0,0,0,0,,
2010,12,0,NA,0,0,0,0,0,0,0,0,0,0,0,0,0,0,0,0,0,0,0,0,0,0,0,0,0,0,0,0,0,0,0,0,0,0,0,0,0,0,0,0,0,0,0,0,0,0,0,0,0,0,0,0,0,0,0,,
2011,1,0,NA,0,0,0,0,0,0,0,0,0,0,0,0,0,0,0,0,0,0,0,0,0,0,0,0,0,0,0,0,0,0,0,0,0,0,0,0,0,0,0,0,0,0,0,0,0,0,0,0,0,0,0,0,0,0,0,,
2011,2,0,NA,0,0,0,0,0,0,0,0,0,0,0,0,0,0,0,0,0,0,0,0,0,0,0,0,0,0,0,0,0,0,0,0,0,0,0,0,0,0,0,0,0,0,0,0,0,0,0,0,0,0,0,0,0,0,0,,
2011,3,0,NA,0,0,0,0,0,0,0,0,0,0,0,0,0,0,0,0,0,0,0,0,0,0,0,0,0,0,0,0,0,0,0,0,0,0,0,0,0,0,0,0,0,0,0,0,0,0,0,0,0,0,0,0,0,0,0,,
2011,4,0,NA,0,0,0,0,0,0,0,0,0,0,0,0,0,0,0,0,0,0,0,0,0,0,0,0,0,0,0,0,0,0,0,0,0,0,0,0,0,0,0,0,0,0,0,0,0,0,0,0,0,0,0,0,0,0,0,,
2011,interpolat,2.985496182,2.985496182,87.7437,87.9702,88.1964,88.0614,88.3089,88.5657,88.653,88.8843,89.1348,94.971,101.0694,87.7434,87.9702,88.1964,88.4235,88.8897,89.0919,89.2404,89.3514,91.1157,92.0355,87.9684,88.1943,88.4211,88.6488,89.2209,89.4276,89.5908,89.5632,89.7993,90.4161,88.1928,88.5066,88.7766,89.0466,89.3667,89.6109,89.8293,89.9316,90.2505,88.7325,89.0196,89.3016,89.5866,89.8401,90.078,90.1584,90.4632,89.2503,89.5494,90.2484,90.3396,90.555,90.7749,89.7921,,
2011,interpolat,0.093167455,0.093167455,0.0276,1.2522,2.6682,0.4278,0.8907,3.5376,6.5208,5.7105,2.9964,10.4625,20.0196,0.0135,0.0195,0.1569,0.0501,0.5799,2.4501,3.8487,1.521,2.9595,3.8946,0.0138,0.0189,0.0279,0.0426,0.4929,1.0644,2.2356,0.8472,0.6795,2.2437,0.0138,0.0192,0.153,0.3498,0.552,0.8415,0.9513,1.683,3.8646,0.0192,0.1701,0.2361,0.4545,0.6603,1.5054,7.9992,10.2351,0.1752,0.2568,4.5135,12.5268,12.8607,15.7431,0.2679,,
2011,interpolat,1.895526182,1.895526182,17.1852,34.9518,64.3944,25.83,33.138,72.0966,108.4479,102.6717,95.9379,118.479,144.0282,14.5494,19.3272,19.1412,15.1548,40.8966,64.6899,81.1746,108.3477,118.0104,113.2068,14.9358,19.4361,20.3631,19.9302,42.5886,50.3103,69.684,109.3698,115.3272,107.0031,14.8158,19.8294,24.6579,30.2748,39.5349,45.366,65.3679,87.3498,93.1818,20.0043,25.944,32.1168,38.3805,43.4073,57.5469,79.7214,73.3857,26.598,33.3399,55.6368,69.7977,72.2232,63.1584,35.3715,,
2011,interpolat,3.891909818,3.891909818,162.5163,182.1909,252.9996,66.2865,76.8105,130.8408,180.2811,173.3001,162.0879,153.8268,151.3293,49.371,56.4021,56.2641,50.2467,88.5174,120.9201,143.301,176.9871,179.4792,169.7478,49.941,56.6319,57.9093,57.3468,91.6695,102.1914,127.6239,176.8998,185.5119,176.3913,49.7313,57.2436,64.4268,72.7818,86.6688,94.9653,121.4952,153.8502,167.6277,57.4884,66.4509,75.6468,85.0659,92.4135,115.2156,165.6354,165.054,67.4361,77.6616,123.4218,169.2051,173.5512,172.1088,80.6823,,
2011,interpolat,3.232116909,3.232116909,98.9583,103.7964,145.2657,71.3655,81.7026,117.1485,123.9234,122.2641,112.8759,121.1574,141.3708,51.6231,62.4279,60.4683,50.6454,114.6369,128.0472,127.4031,114.219,110.1879,105.306,52.7091,63.8754,64.6749,63.0741,123.5451,128.4423,128.478,114.3375,106.8171,98.5293,52.4022,65.6256,77.3232,89.9538,111.9861,120.3162,126.891,114.4593,87.0849,66.2943,82.1289,97.3794,111.6507,120.5178,124.3212,83.1945,71.5944,84.2706,102.4044,114.477,73.5441,72.2673,65.34,108.2898,,
2011,10,0,NA,0,0,0,0,0,0,0,0,0,0,0,0,0,0,0,0,0,0,0,0,0,0,0,0,0,0,0,0,0,0,0,0,0,0,0,0,0,0,0,0,0,0,0,0,0,0,0,0,0,0,0,0,0,0,0,,
2011,11,0,NA,0,0,0,0,0,0,0,0,0,0,0,0,0,0,0,0,0,0,0,0,0,0,0,0,0,0,0,0,0,0,0,0,0,0,0,0,0,0,0,0,0,0,0,0,0,0,0,0,0,0,0,0,0,0,0,,
2011,12,0,NA,0,0,0,0,0,0,0,0,0,0,0,0,0,0,0,0,0,0,0,0,0,0,0,0,0,0,0,0,0,0,0,0,0,0,0,0,0,0,0,0,0,0,0,0,0,0,0,0,0,0,0,0,0,0,0,,
2012,1,0,NA,0,0,0,0,0,0,0,0,0,0,0,0,0,0,0,0,0,0,0,0,0,0,0,0,0,0,0,0,0,0,0,0,0,0,0,0,0,0,0,0,0,0,0,0,0,0,0,0,0,0,0,0,0,0,0,,
2012,2,0,NA,0,0,0,0,0,0,0,0,0,0,0,0,0,0,0,0,0,0,0,0,0,0,0,0,0,0,0,0,0,0,0,0,0,0,0,0,0,0,0,0,0,0,0,0,0,0,0,0,0,0,0,0,0,0,0,,
2012,3,0,NA,0,0,0,0,0,0,0,0,0,0,0,0,0,0,0,0,0,0,0,0,0,0,0,0,0,0,0,0,0,0,0,0,0,0,0,0,0,0,0,0,0,0,0,0,0,0,0,0,0,0,0,0,0,0,0,,
2012,4,0,NA,0,0,0,0,0,0,0,0,0,0,0,0,0,0,0,0,0,0,0,0,0,0,0,0,0,0,0,0,0,0,0,0,0,0,0,0,0,0,0,0,0,0,0,0,0,0,0,0,0,0,0,0,0,0,0,,
2012,interpolat,3.120000545,3.120000545,89.0259,89.2551,89.4855,89.2545,89.4837,89.7168,89.9568,90.2298,92.1696,101.5488,103.4745,89.0241,89.2527,89.4813,89.712,89.9472,90.192,90.4872,92.4801,103.4793,105.9297,89.2494,89.4774,89.7069,89.9391,90.1767,90.4266,90.858,93.3153,104.9685,106.9557,89.4741,89.7024,89.9322,90.165,90.4044,90.6618,91.2357,94.6641,106.5081,89.9271,90.1566,90.3891,90.6291,90.8922,91.6737,102.8577,106.9206,90.381,90.612,92.0109,104.0448,107.1312,108.1314,90.8355,,
2012,interpolat,0.260750182,0.260750182,8.9955,8.994,8.9922,8.9946,8.9928,8.9901,8.985,8.9508,8.3265,4.9194,6.5235,8.9961,8.9952,8.9937,8.9916,8.9877,8.9805,8.9271,8.2932,4.2603,3.8841,8.9958,8.9949,8.9931,8.9904,8.9856,8.9763,8.8995,8.0631,3.7791,3.1278,8.9958,8.9946,8.9925,8.9895,8.9841,8.9703,8.8416,7.6407,3.2835,8.9943,8.9922,8.9892,8.9832,8.9673,8.7612,4.6518,3.2127,8.9922,8.9892,8.7186,4.2903,3.2181,3.015,8.9904,,
2012,interpolat,0.468171455,0.468171455,9.8214,9.8265,9.8337,9.8241,9.8307,9.8409,9.8589,9.8676,12.0144,24.0057,35.9202,9.8181,9.8217,9.8268,9.8349,9.8481,9.8718,9.8754,12.1182,25.29,30.8751,9.8193,9.8232,9.8292,9.8385,9.8544,9.8844,10.0827,12.858,26.7429,29.2185,9.8202,9.8244,9.8307,9.8412,9.8595,9.894,10.3242,14.223,28.3116,9.825,9.8316,9.8424,9.8622,9.9015,10.584,23.9154,28.5495,9.8313,9.8418,10.7205,25.029,28.5207,28.6866,9.8373,,
2012,interpolat,4.672234727,4.672234727,141.3822,141.381,141.3789,141.3813,141.3795,141.3765,141.3708,141.2934,140.5263,137.2515,149.5767,141.3831,141.3819,141.3804,141.3777,141.3735,141.3624,141.2373,140.4798,135.3225,138.3744,141.3825,141.3813,141.3795,141.3762,141.3705,141.3534,141.1689,140.1732,134.5911,134.0457,141.3822,141.3807,141.3786,141.375,141.3678,141.3213,141.015,139.6161,133.7043,141.3804,141.3783,141.3741,141.3666,141.3114,140.9385,135.7092,133.6758,141.378,141.3744,140.8473,135.2367,133.6545,135.4521,141.3756,,
2012,interpolat,0.982716545,0.982716545,29.9979,29.9973,29.9967,29.9976,29.9967,29.9955,29.9934,29.9775,29.6682,28.2615,31.6689,29.9982,29.9979,29.9973,29.9961,29.9946,29.9913,29.9655,29.6508,27.6573,28.4067,29.9982,29.9976,29.997,29.9955,29.9934,29.9889,29.9511,29.5341,27.3954,27.0732,29.9979,29.9976,29.9967,29.9952,29.9925,29.9859,29.922,29.322,27.144,29.9973,29.9964,29.9949,29.9919,29.9841,29.8812,27.8265,27.1068,29.9964,29.9949,29.8599,27.6456,27.108,26.6178,29.9955,,
2012,10,0,NA,0,0,0,0,0,0,0,0,0,0,0,0,0,0,0,0,0,0,0,0,0,0,0,0,0,0,0,0,0,0,0,0,0,0,0,0,0,0,0,0,0,0,0,0,0,0,0,0,0,0,0,0,0,0,0,,
2012,11,0,NA,0,0,0,0,0,0,0,0,0,0,0,0,0,0,0,0,0,0,0,0,0,0,0,0,0,0,0,0,0,0,0,0,0,0,0,0,0,0,0,0,0,0,0,0,0,0,0,0,0,0,0,0,0,0,0,,
2012,12,0,NA,0,0,0,0,0,0,0,0,0,0,0,0,0,0,0,0,0,0,0,0,0,0,0,0,0,0,0,0,0,0,0,0,0,0,0,0,0,0,0,0,0,0,0,0,0,0,0,0,0,0,0,0,0,0,0,,
2013,1,0,NA,0,0,0,0,0,0,0,0,0,0,0,0,0,0,0,0,0,0,0,0,0,0,0,0,0,0,0,0,0,0,0,0,0,0,0,0,0,0,0,0,0,0,0,0,0,0,0,0,0,0,0,0,0,0,0,,
2013,2,0,NA,0,0,0,0,0,0,0,0,0,0,0,0,0,0,0,0,0,0,0,0,0,0,0,0,0,0,0,0,0,0,0,0,0,0,0,0,0,0,0,0,0,0,0,0,0,0,0,0,0,0,0,0,0,0,0,,
2013,3,0,NA,0,0,0,0,0,0,0,0,0,0,0,0,0,0,0,0,0,0,0,0,0,0,0,0,0,0,0,0,0,0,0,0,0,0,0,0,0,0,0,0,0,0,0,0,0,0,0,0,0,0,0,0,0,0,0,,
2013,4,0,NA,0,0,0,0,0,0,0,0,0,0,0,0,0,0,0,0,0,0,0,0,0,0,0,0,0,0,0,0,0,0,0,0,0,0,0,0,0,0,0,0,0,0,0,0,0,0,0,0,0,0,0,0,0,0,0,,
2013,interpolat,3.01164,3.01164,88.4601,88.8852,88.7925,89.8545,89.9706,90.675,88.8945,89.1048,89.1312,90.876,92.6688,88.0011,88.7193,89.1942,88.9803,92.8908,92.7009,91.728,89.3715,89.9703,90.348,88.1901,88.809,89.0631,90.2658,94.3173,93.7416,92.9475,90.1956,89.8032,90.0138,88.3386,88.8714,89.0412,89.0808,91.4886,93.3993,93.4263,91.9059,90.0276,88.854,89.1258,89.3382,90.7797,92.2047,92.8377,90.0558,90.2448,89.3274,89.9355,93.1995,90.2604,90.4623,90.681,89.7549,,
2013,interpolat,1.029700909,1.029700909,32.5941,39.2244,64.0461,19.8459,22.1685,35.7291,56.5947,60.474,61.9932,71.6682,104.8578,15.2799,15.9333,16.989,16.8681,22.7595,31.7721,42.5067,51.5262,52.0953,52.0254,14.0505,14.7621,15.4422,17.6364,22.311,25.2132,32.619,44.4528,45.9042,44.1834,12.3972,12.8772,11.9439,11.0847,16.3749,20.4372,29.8407,37.5636,39.2199,11.6472,11.5059,11.1267,14.1759,17.2686,28.5564,38.4837,37.5162,11.3274,12.0063,21.4137,38.772,39.4317,39.6453,10.8639,,
2013,interpolat,1.338496909,1.338496909,68.6736,80.4795,95.5098,34.2726,36.6693,48.807,82.5636,83.4612,67.8072,39.4611,53.8638,35.2617,33.1272,35.1411,39.1776,21.3333,34.2369,52.6431,41.7801,32.5413,37.017,31.2645,29.9937,32.2851,32.0865,14.3376,19.6263,31.2213,27.789,27.9873,38.5425,25.5447,24.2283,21.0285,19.2408,17.6076,15.2814,20.1021,26.5212,52.8516,21.6939,19.8807,18.9312,18.2103,16.677,16.7343,68.658,84.3306,19.5414,18.8091,28.1448,89.8194,100.0023,107.2518,18.4671,,
2013,interpolat,3.451241455,3.451241455,106.2426,114.7026,135.5694,88.6698,92.3085,104.3427,118.2345,121.3881,109.6947,109.4607,153.0246,92.5773,93.3084,89.2665,86.0646,96.3771,103.1421,109.7205,94.1145,93.1833,100.5144,99.0573,98.9757,95.3523,90.8715,97.8345,99.8436,101.0757,84.429,80.6457,89.1117,108.3681,108.8088,114.2043,117.9384,107.817,101.2836,95.8827,87.0174,94.3584,113.9139,116.1588,117.9543,112.1142,106.914,95.0166,95.7705,100.3809,116.874,116.154,104.9907,97.5597,98.4114,98.7564,118.7964,,
2013,interpolat,0.387316909,0.387316909,19.0695,23.703,15.4473,2.5095,2.1936,6.3558,10.1064,8.9976,19.5144,53.0007,58.5297,0.2217,0.4401,0.582,0.4251,2.5335,5.3001,7.1457,27.2526,39.1908,40.2063,0.1938,0.3636,0.4029,0.8514,2.553,3.3903,8.0934,31.3347,37.0992,35.1444,0.0615,0.2811,0.2763,0.1548,1.2648,2.1741,10.5249,23.2083,29.9361,0.1944,0.2412,0.2595,0.8379,1.53,13.1133,22.2774,20.553,0.2211,0.3876,2.9154,17.0685,15.6636,13.5633,0.2127,,
2013,10,0,NA,0,0,0,0,0,0,0,0,0,0,0,0,0,0,0,0,0,0,0,0,0,0,0,0,0,0,0,0,0,0,0,0,0,0,0,0,0,0,0,0,0,0,0,0,0,0,0,0,0,0,0,0,0,0,0,,
2013,11,0,NA,0,0,0,0,0,0,0,0,0,0,0,0,0,0,0,0,0,0,0,0,0,0,0,0,0,0,0,0,0,0,0,0,0,0,0,0,0,0,0,0,0,0,0,0,0,0,0,0,0,0,0,0,0,0,0,,
2013,12,0,NA,0,0,0,0,0,0,0,0,0,0,0,0,0,0,0,0,0,0,0,0,0,0,0,0,0,0,0,0,0,0,0,0,0,0,0,0,0,0,0,0,0,0,0,0,0,0,0,0,0,0,0,0,0,0,0,,
2014,1,0,NA,0,0,0,0,0,0,0,0,0,0,0,0,0,0,0,0,0,0,0,0,0,0,0,0,0,0,0,0,0,0,0,0,0,0,0,0,0,0,0,0,0,0,0,0,0,0,0,0,0,0,0,0,0,0,0,,
2014,2,0,NA,0,0,0,0,0,0,0,0,0,0,0,0,0,0,0,0,0,0,0,0,0,0,0,0,0,0,0,0,0,0,0,0,0,0,0,0,0,0,0,0,0,0,0,0,0,0,0,0,0,0,0,0,0,0,0,,
2014,3,0,NA,0,0,0,0,0,0,0,0,0,0,0,0,0,0,0,0,0,0,0,0,0,0,0,0,0,0,0,0,0,0,0,0,0,0,0,0,0,0,0,0,0,0,0,0,0,0,0,0,0,0,0,0,0,0,0,,
2014,4,0,NA,0,0,0,0,0,0,0,0,0,0,0,0,0,0,0,0,0,0,0,0,0,0,0,0,0,0,0,0,0,0,0,0,0,0,0,0,0,0,0,0,0,0,0,0,0,0,0,0,0,0,0,0,0,0,0,,
2014,interpolat,3.305245273,3.305245273,88.4574,89.571,96.2001,95.2674,96.9159,103.8888,102.2943,101.3967,99.3087,105.315,111.2469,89.2482,91.2435,92.3316,90.7344,106.2756,108.4146,106.5945,103.2561,108.087,111.0231,89.2644,90.8916,91.248,95.0421,109.9596,109.7067,109.0389,105.6273,105.6561,108.2949,88.9812,90.4188,90.4125,89.9853,98.9604,106.4994,109.6974,106.7322,108.8832,89.8872,90.3807,90.5205,95.5494,101.1636,107.3088,103.3431,103.995,90.483,92.0178,102.9528,99.0375,97.7676,96.0786,90.7983,,
2014,interpolat,0.038491455,0.038491455,2.3745,1.7061,2.709,3.3561,3.0156,0.9978,1.0416,1.9773,2.7768,0.0231,0.0102,3.6066,3.2679,3.8154,4.3887,1.5294,0.63,0.9558,1.0179,0.0213,0.0108,2.7648,2.5851,3.0567,3.372,0.9774,0.7482,0.4689,0.0285,0.0162,0.0099,1.575,1.3599,0.6693,0.2514,0.7107,0.8274,0.4932,0.2742,0.0138,0.7776,0.4401,0.2124,0.5097,0.6318,0.3903,0.0183,0.0114,0.3594,0.2763,0.4035,0.0141,0.0093,0.0069,0.0153,,
2014,interpolat,1.682006727,1.682006727,42.6108,37.266,66.0867,62.0442,63.147,57.2013,65.8164,72.0474,76.5996,70.6884,90.7572,59.3391,58.4025,64.2261,69.0075,54.1962,53.0055,59.0412,66.9741,64.428,64.92,49.737,50.0385,55.4007,61.5474,49.7187,51.0732,53.0358,59.7417,60.4968,59.4453,36.0675,35.403,27.4887,22.0014,36.6789,46.1289,52.491,55.2945,56.3892,27.8589,24.6075,21.9183,30.5814,38.2335,49.5918,51.7803,49.9302,23.4816,24.684,38.7441,47.2452,45.9315,44.2095,20.5299,,
2014,interpolat,0.623128545,0.623128545,14.3619,16.071,20.7693,10.3899,10.4556,11.6088,8.7294,12.1431,25.5015,40.1601,44.2086,6.624,7.9488,8.214,6.6618,17.4132,16.0956,14.4339,24.0984,34.8279,44.1651,6.9798,7.9782,7.7931,9.8754,20.2227,19.3125,17.8281,24.9219,30.3753,39.4872,7.3932,8.2479,8.5095,8.3985,13.7139,18.2037,21.4449,25.128,45.654,8.1072,8.4816,8.5737,11.5401,14.904,21.9261,36.8625,43.0251,8.4507,9.3363,17.5011,32.5584,32.2035,29.8248,8.5173,,
2014,interpolat,0.136745091,0.136745091,1.0206,0.1026,0.1074,5.802,6.1389,7.707,1.1613,1.1103,0.4296,0.9603,0.3471,1.2903,2.8218,3.4245,1.8216,13.5453,12.2931,8.1669,1.3263,0.3657,0.6546,1.1085,2.3214,2.4189,5.1144,16.2171,15.8046,12.0051,2.4366,0.2292,0.5586,0.7275,1.7163,1.5018,0.9768,8.1684,14.0262,12.9855,6.5649,1.1214,1.0593,1.284,1.1943,5.2506,9.696,10.626,2.0757,1.0299,1.1817,2.2893,10.1427,1.2987,0.4803,0.3651,1.0554,,
2014,10,0,NA,0,0,0,0,0,0,0,0,0,0,0,0,0,0,0,0,0,0,0,0,0,0,0,0,0,0,0,0,0,0,0,0,0,0,0,0,0,0,0,0,0,0,0,0,0,0,0,0,0,0,0,0,0,0,0,,
2014,11,0,NA,0,0,0,0,0,0,0,0,0,0,0,0,0,0,0,0,0,0,0,0,0,0,0,0,0,0,0,0,0,0,0,0,0,0,0,0,0,0,0,0,0,0,0,0,0,0,0,0,0,0,0,0,0,0,0,,
2014,12,0,NA,0,0,0,0,0,0,0,0,0,0,0,0,0,0,0,0,0,0,0,0,0,0,0,0,0,0,0,0,0,0,0,0,0,0,0,0,0,0,0,0,0,0,0,0,0,0,0,0,0,0,0,0,0,0,0,,
2015,1,0,NA,0,0,0,0,0,0,0,0,0,0,0,0,0,0,0,0,0,0,0,0,0,0,0,0,0,0,0,0,0,0,0,0,0,0,0,0,0,0,0,0,0,0,0,0,0,0,0,0,0,0,0,0,0,0,0,,
2015,2,0,NA,0,0,0,0,0,0,0,0,0,0,0,0,0,0,0,0,0,0,0,0,0,0,0,0,0,0,0,0,0,0,0,0,0,0,0,0,0,0,0,0,0,0,0,0,0,0,0,0,0,0,0,0,0,0,0,,
2015,3,0,NA,0,0,0,0,0,0,0,0,0,0,0,0,0,0,0,0,0,0,0,0,0,0,0,0,0,0,0,0,0,0,0,0,0,0,0,0,0,0,0,0,0,0,0,0,0,0,0,0,0,0,0,0,0,0,0,,
2015,4,0,NA,0,0,0,0,0,0,0,0,0,0,0,0,0,0,0,0,0,0,0,0,0,0,0,0,0,0,0,0,0,0,0,0,0,0,0,0,0,0,0,0,0,0,0,0,0,0,0,0,0,0,0,0,0,0,0,,
2015,interpolat,3.180230909,3.180230909,92.4282,91.3935,90.2355,95.9367,95.8383,93.9525,89.8944,90.5829,93.111,97.2417,100.6809,93.735,94.3497,95.5668,95.8677,98.0589,96.3231,94.3179,95.7819,97.7082,98.1543,92.6319,93.2937,94.2615,96.2751,98.9142,98.5905,97.1076,97.2567,97.9323,98.7549,90.9066,91.3887,90.4881,89.8053,94.4793,98.0037,98.8134,99.1122,100.1889,90.3891,90.255,90.1008,92.868,95.6577,98.4675,101.0616,102.0561,90.3045,91.0527,97.641,101.9742,102.7173,103.1508,90.321,,
2015,interpolat,1.312245091,1.312245091,35.6187,32.7525,22.3296,43.0425,41.9427,35.6952,24.8409,23.5902,38.1039,66.6699,69.3552,35.586,36.1836,41.1018,43.1496,43.23,38.7576,33.5178,70.2414,86.1843,79.8282,28.479,29.664,33.6705,40.9962,43.4307,42.2604,44.0034,82.3224,91.1247,80.5251,18.1737,18.5127,12.5775,8.1966,25.5174,37.8444,52.8684,71.5596,66.342,12.4986,10.2918,8.331,18.294,27.9126,55.0218,53.037,43.6707,9.4311,11.2233,29.9265,40.764,36.0924,31.7346,7.1847,,
2015,interpolat,4.199229273,4.199229273,112.4124,122.8458,129.9192,84.5637,85.131,108.2583,102.2535,109.1424,136.6443,158.5041,160.7547,66.5517,73.782,70.0248,58.5957,122.6049,126.7392,120.6615,154.4988,170.907,174.8967,76.1439,80.8194,75.5034,79.7391,137.127,136.5591,134.0916,161.3127,173.7531,177.9984,89.4555,94.0803,101.8815,105.8688,118.9008,132.4092,146.0361,163.8519,182.9043,99.6192,104.133,106.7424,113.7732,123.6639,148.9377,184.23,190.8117,104.8617,108.2034,139.848,189.7947,193.359,195.0129,107.6097,,
2015,interpolat,1.186369273,1.186369273,16.0572,17.4435,30.3519,23.7171,25.7484,36.708,22.9554,26.2167,35.7312,46.2207,51.6798,8.3511,13.8735,14.8485,8.3268,53.3094,52.2438,42.8358,48.3765,51.8943,49.1232,9.8148,13.9782,13.1793,21.5607,63.7731,62.187,55.0836,53.7153,54.5625,51.0906,11.5044,15.0651,16.0962,15.5487,37.5357,56.0319,62.3607,61.1043,48.6549,14.4504,15.9738,16.2918,28.5804,42.4494,58.9251,54.1554,51.4188,15.8475,19.4961,51.588,56.9886,57.4341,58.9638,16.0863,,
2015,interpolat,1.609299636,1.609299636,103.8672,114.0306,55.7685,60.0705,53.0766,58.4244,29.6682,27.5448,28.4589,36.7869,32.3745,29.9346,35.9634,41.2041,36.1791,83.634,77.9475,60.3765,46.3374,50.4189,47.2983,25.8531,30.9399,33.2466,48.4299,96.5757,90.4953,78.3705,58.4013,54.5067,50.6184,19.5141,23.3943,19.7934,15.7803,52.1409,80.6034,85.2555,71.691,47.4867,18.0609,17.8665,16.6167,36.84,58.0554,76.0329,47.3157,42.8055,17.0601,22.1277,66.1374,44.3538,42.4155,41.6478,15.5466,,
2015,10,0,NA,0,0,0,0,0,0,0,0,0,0,0,0,0,0,0,0,0,0,0,0,0,0,0,0,0,0,0,0,0,0,0,0,0,0,0,0,0,0,0,0,0,0,0,0,0,0,0,0,0,0,0,0,0,0,0,,
2015,11,0,NA,0,0,0,0,0,0,0,0,0,0,0,0,0,0,0,0,0,0,0,0,0,0,0,0,0,0,0,0,0,0,0,0,0,0,0,0,0,0,0,0,0,0,0,0,0,0,0,0,0,0,0,0,0,0,0,,
2015,12,0,NA,0,0,0,0,0,0,0,0,0,0,0,0,0,0,0,0,0,0,0,0,0,0,0,0,0,0,0,0,0,0,0,0,0,0,0,0,0,0,0,0,0,0,0,0,0,0,0,0,0,0,0,0,0,0,0,,
2016,1,0,NA,0,0,0,0,0,0,0,0,0,0,0,0,0,0,0,0,0,0,0,0,0,0,0,0,0,0,0,0,0,0,0,0,0,0,0,0,0,0,0,0,0,0,0,0,0,0,0,0,0,0,0,0,0,0,0,,
2016,2,0,NA,0,0,0,0,0,0,0,0,0,0,0,0,0,0,0,0,0,0,0,0,0,0,0,0,0,0,0,0,0,0,0,0,0,0,0,0,0,0,0,0,0,0,0,0,0,0,0,0,0,0,0,0,0,0,0,,
2016,3,0,NA,0,0,0,0,0,0,0,0,0,0,0,0,0,0,0,0,0,0,0,0,0,0,0,0,0,0,0,0,0,0,0,0,0,0,0,0,0,0,0,0,0,0,0,0,0,0,0,0,0,0,0,0,0,0,0,,
2016,4,0,NA,0,0,0,0,0,0,0,0,0,0,0,0,0,0,0,0,0,0,0,0,0,0,0,0,0,0,0,0,0,0,0,0,0,0,0,0,0,0,0,0,0,0,0,0,0,0,0,0,0,0,0,0,0,0,0,,
2016,interpolat,3.118531273,3.118531273,88.515,88.3383,88.2606,90.9285,91.1529,91.6161,89.124,89.3214,89.1498,89.3571,89.5713,91.5315,92.0862,91.0941,90.153,94.3104,93.8556,92.4207,89.757,89.7594,90.1632,93.8019,94.0791,93.1521,92.253,95.8551,95.4366,94.1343,90.5136,89.8341,90.3294,96.9546,97.3842,99.2991,100.6635,98.2749,96.8793,94.7625,92.4636,90.5586,99.1845,100.1322,100.9137,99.5946,98.4789,95.3493,90.8496,90.7677,100.5798,100.6551,97.8807,90.7989,90.7239,90.9138,101.6583,,
2016,interpolat,0.618107818,0.618107818,10.2714,10.1721,18.1302,14.1114,15.4194,21.6513,17.0589,18.6246,20.202,21.324,24.8781,7.7256,10.3773,10.2273,6.7338,27.552,27.9267,24.4104,22.0824,20.6394,19.818,9.1044,11.0403,10.2741,13.1559,31.404,32.2359,28.6317,22.2888,20.4801,19.3557,10.9029,12.5145,13.5744,13.6926,22.3071,29.6763,30.5847,25.6638,18.1842,12.8232,13.7424,14.0268,18.8676,24.5505,28.5243,20.154,17.5419,13.7688,15.2982,26.0223,19.3896,18.5268,18.252,13.9818,,
2016,interpolat,1.363889636,1.363889636,32.7213,39.2763,65.8803,22.713,25.5537,43.2009,60.18,63.9384,64.0395,61.5984,78.4083,18.8364,20.7135,18.6951,15.1884,34.1124,43.3884,51.1989,48.3114,50.5878,60.0093,23.001,24.0459,21.7482,21.4971,37.0938,39.4122,43.314,40.806,42.258,52.8006,28.8777,30.0696,33.51,35.5842,35.5446,36.6981,40.1382,39.8454,60.6678,32.8902,34.6131,35.7711,35.6226,36.2784,38.6352,55.8537,63.6429,34.992,35.5458,39.5562,55.1379,54.555,55.6269,36.2328,,
2016,interpolat,1.912822364,1.912822364,68.5275,79.0308,84.5169,45.987,48.2901,73.428,71.5758,72.9147,81.0888,86.1273,78.1356,18.2451,25.4664,29.7678,23.1468,79.3506,86.8083,82.6305,92.0568,92.8218,87.4779,15.5202,21.4188,23.0064,37.638,89.9853,91.8597,90.3207,96.6393,96.9555,89.0499,11.0517,15.6276,13.1451,9.6795,47.2776,77.5827,95.2953,95.7804,80.1831,11.0559,11.4492,10.6422,31.8681,54.8508,87.7548,75.6141,67.2324,10.749,16.377,64.4316,68.1393,68.4684,62.466,9.6468,,
2016,interpolat,0.139551273,0.139551273,0.4896,0.651,9.3228,0.4899,0.4839,0.6438,3.4869,6.6642,11.1492,12.1143,19.1157,0.0192,0.2028,0.2718,0.177,1.0983,1.0362,2.7774,3.471,2.0052,3.0369,0.0201,0.1704,0.1845,0.4341,1.3863,1.2171,1.011,0.3321,1.3023,3.4884,0.0201,0.1311,0.0369,0.0549,0.642,1.086,1.1055,3.5769,7.3191,0.0261,0.0348,0.0513,0.4188,0.7596,1.0005,15.9939,20.406,0.0336,0.1911,6.0063,25.368,25.6899,32.0133,0.0405,,
2016,10,0,NA,0,0,0,0,0,0,0,0,0,0,0,0,0,0,0,0,0,0,0,0,0,0,0,0,0,0,0,0,0,0,0,0,0,0,0,0,0,0,0,0,0,0,0,0,0,0,0,0,0,0,0,0,0,0,0,,
2016,11,0,NA,0,0,0,0,0,0,0,0,0,0,0,0,0,0,0,0,0,0,0,0,0,0,0,0,0,0,0,0,0,0,0,0,0,0,0,0,0,0,0,0,0,0,0,0,0,0,0,0,0,0,0,0,0,0,0,,
2016,12,0,NA,0,0,0,0,0,0,0,0,0,0,0,0,0,0,0,0,0,0,0,0,0,0,0,0,0,0,0,0,0,0,0,0,0,0,0,0,0,0,0,0,0,0,0,0,0,0,0,0,0,0,0,0,0,0,0,,
2017,1,0,NA,0,0,0,0,0,0,0,0,0,0,0,0,0,0,0,0,0,0,0,0,0,0,0,0,0,0,0,0,0,0,0,0,0,0,0,0,0,0,0,0,0,0,0,0,0,0,0,0,0,0,0,0,0,0,0,,
2017,2,0,NA,0,0,0,0,0,0,0,0,0,0,0,0,0,0,0,0,0,0,0,0,0,0,0,0,0,0,0,0,0,0,0,0,0,0,0,0,0,0,0,0,0,0,0,0,0,0,0,0,0,0,0,0,0,0,0,,
2017,3,0,NA,0,0,0,0,0,0,0,0,0,0,0,0,0,0,0,0,0,0,0,0,0,0,0,0,0,0,0,0,0,0,0,0,0,0,0,0,0,0,0,0,0,0,0,0,0,0,0,0,0,0,0,0,0,0,0,,
2017,4,0,NA,0,0,0,0,0,0,0,0,0,0,0,0,0,0,0,0,0,0,0,0,0,0,0,0,0,0,0,0,0,0,0,0,0,0,0,0,0,0,0,0,0,0,0,0,0,0,0,0,0,0,0,0,0,0,0,,
2017,interpolat,3.711114,3.711114,90.7773,89.6862,91.2747,103.2615,103.5213,106.2591,93.3321,94.0116,100.494,111.0942,109.8648,96.9903,99.8121,99.543,95.9688,119.3796,116.6451,108.9213,110.7762,118.9428,121.8039,99.5508,101.6487,100.5249,103.7961,126.5514,123.4452,118.5003,117.1398,119.7702,123.1992,103.1013,105.0516,107.2038,108.156,115.7919,122.6028,123.729,123.5367,126.6519,106.3323,107.9169,108.6906,112.9305,117.84,123.3468,126.546,129.96,108.2874,109.9452,123.3513,128.1369,128.3679,130.0482,109.3266,,
2017,interpolat,1.238666,1.238666,20.8407,29.0283,69.5955,25.6374,34.7391,66.5292,99.1443,91.9686,71.5671,63.5784,61.1673,18.5907,20.1108,22.761,22.5891,35.6409,56.7915,71.6883,57.6096,52.0155,53.559,15.414,16.9191,18.7614,24.0525,33.9933,41.5575,54.9702,51.7029,48.4155,50.3118,10.5525,11.7048,9.045,6.6297,19.956,30.0369,43.3446,43.5681,51.0354,8.5908,7.869,7.0023,14.5035,22.2603,35.7282,51.3714,54.1545,7.4007,9.0684,28.9023,53.6256,54.1359,55.7208,6.3417,,
2017,interpolat,4.039153455,4.039153455,100.0677,108.7944,140.4285,91.9833,96.9216,125.3061,131.3565,135.8268,165.246,216.3258,232.8606,70.8777,77.7681,79.1301,71.2914,127.5243,137.3541,137.6922,183.825,201.2046,197.7153,72.4056,77.5713,76.7931,87.1677,137.9976,140.7288,145.7127,190.764,199.0257,185.2449,74.1042,78.4251,79.5183,78.7572,106.1271,129.2835,155.5491,172.6545,160.9149,77.4813,79.2156,79.614,95.0223,112.4529,155.5188,131.8299,113.3976,79.0251,83.5758,113.2878,102.1356,103.7274,80.8101,79.2636,,
2017,interpolat,0.754089636,0.754089636,17.8035,17.3181,11.4024,19.1973,18.0528,19.2795,6.7827,8.0175,11.88,19.632,19.7277,14.5821,16.8639,15.2379,11.3538,31.6833,28.2999,20.7666,12.2451,17.5695,24.4728,18.2361,19.65,17.5938,18.5145,37.5285,35.0979,28.2138,14.6052,13.9413,21.0495,23.2539,24.7968,27.7557,29.3475,32.358,35.7501,31.1829,21.9435,27.0996,27.0552,28.6665,29.6298,31.1673,33.4914,29.994,22.8306,26.0313,28.9746,29.9124,32.8245,19.134,17.5044,16.9149,30.03,,
2017,interpolat,0.044602727,0.044602727,3.9414,4.5783,1.7553,0.4128,0.0411,0.0312,0.0255,0.0339,0.516,6.2127,11.616,0.0081,0.012,0.0171,0.0192,0.0207,0.0255,0.0423,1.3209,4.3008,6.1413,0.0069,0.009,0.0117,0.0144,0.0183,0.027,0.2049,1.5696,2.4126,4.119,0.0063,0.0078,0.0099,0.0129,0.0177,0.0288,0.4296,1.1604,5.0643,0.0072,0.009,0.012,0.0171,0.0291,0.6327,3.5538,4.6635,0.0084,0.0108,0.1722,2.8659,2.8233,2.577,0.0093,,
2017,10,0,NA,0,0,0,0,0,0,0,0,0,0,0,0,0,0,0,0,0,0,0,0,0,0,0,0,0,0,0,0,0,0,0,0,0,0,0,0,0,0,0,0,0,0,0,0,0,0,0,0,0,0,0,0,0,0,0,,
2017,11,0,NA,0,0,0,0,0,0,0,0,0,0,0,0,0,0,0,0,0,0,0,0,0,0,0,0,0,0,0,0,0,0,0,0,0,0,0,0,0,0,0,0,0,0,0,0,0,0,0,0,0,0,0,0,0,0,0,,
2017,12,0,NA,0,0,0,0,0,0,0,0,0,0,0,0,0,0,0,0,0,0,0,0,0,0,0,0,0,0,0,0,0,0,0,0,0,0,0,0,0,0,0,0,0,0,0,0,0,0,0,0,0,0,0,0,0,0,0,,
2018,1,0,NA,0,0,0,0,0,0,0,0,0,0,0,0,0,0,0,0,0,0,0,0,0,0,0,0,0,0,0,0,0,0,0,0,0,0,0,0,0,0,0,0,0,0,0,0,0,0,0,0,0,0,0,0,0,0,0,,
2018,2,0,NA,0,0,0,0,0,0,0,0,0,0,0,0,0,0,0,0,0,0,0,0,0,0,0,0,0,0,0,0,0,0,0,0,0,0,0,0,0,0,0,0,0,0,0,0,0,0,0,0,0,0,0,0,0,0,0,,
2018,3,0,NA,0,0,0,0,0,0,0,0,0,0,0,0,0,0,0,0,0,0,0,0,0,0,0,0,0,0,0,0,0,0,0,0,0,0,0,0,0,0,0,0,0,0,0,0,0,0,0,0,0,0,0,0,0,0,0,,
2018,4,0,NA,0,0,0,0,0,0,0,0,0,0,0,0,0,0,0,0,0,0,0,0,0,0,0,0,0,0,0,0,0,0,0,0,0,0,0,0,0,0,0,0,0,0,0,0,0,0,0,0,0,0,0,0,0,0,0,,
2018,5,0.193357818,0.193357818,5.9865,5.5719,5.0463,6.1782,6.1173,6.0384,5.8674,5.3601,3.4077,2.2164,1.1508,6.1917,6.1908,6.1896,6.1848,6.1806,6.1644,6.0579,5.8149,4.8048,2.0148,6.1917,6.1914,6.1905,6.1893,6.1875,6.1842,6.1719,6.1491,6.1023,4.3059,6.192,6.1914,6.1911,6.1902,6.189,6.1875,6.1854,6.1824,6.1779,6.1917,6.1914,6.1908,6.1902,6.1893,6.1884,6.1878,6.1887,6.1917,6.1914,6.1902,6.1908,6.1974,8.0829,6.1917,,
2018,6,0.944000909,0.944000909,5.2542,4.3821,7.9458,15.888,17.5053,25.0266,12.0207,11.5296,19.7352,33.4878,29.7672,8.4273,12.1068,10.755,5.3676,36.8814,36.0006,27.4077,40.2573,49.4031,48.5514,12.2277,14.7225,12.6018,15.594,44.3694,43.4634,39.5286,48.7647,52.2,49.8657,17.4315,19.7967,22.8366,24.1713,33.093,41.5263,46.521,49.1637,46.3842,21.7128,23.6457,24.6441,29.5926,35.835,47.2623,40.1121,36.2535,23.8935,25.7886,37.644,33.102,33.0249,28.1916,24.936,,
2018,7,1.351219636,1.351219636,26.4204,28.2027,32.9295,32.3673,34.2999,49.8141,41.3805,39.5622,37.6938,61.0197,77.775,18.5703,23.3685,23.4222,17.295,57.8034,61.026,53.9517,43.3812,48.0267,48.5121,21.0735,24.5652,23.1789,29.4273,66.5931,66.4119,61.5144,47.6703,44.088,43.0401,24.3219,27.4065,29.3289,29.592,46.182,60.4854,63.3801,53.8155,38.5644,27.8877,29.6061,30.2157,39.4245,50.0394,58.2525,40.8114,35.8866,29.6385,32.5656,53.9643,39.4371,37.0683,37.0278,30.2253,,
2018,8,0.992074727,0.992074727,23.883,28.4091,46.8333,25.893,28.4688,43.3371,36.27,39.921,41.0874,48.0648,68.7513,7.0653,12.621,15.6024,9.9705,55.3014,57.0948,51.0753,36.5718,39.1011,44.7672,5.8749,10.3242,11.0196,22.2708,65.4183,64.0386,56.8965,35.9793,31.7985,36.135,3.6597,7.3164,6.1365,3.8679,31.9542,54.5721,58.9755,43.7952,36.5595,4.5051,5.0877,4.7013,20.355,37.2753,50.328,29.0157,27.5316,4.656,8.8392,40.8837,20.3016,18.558,14.1021,4.1007,,
2018,9,0.134636727,0.134636727,0.0522,1.0329,11.2566,0.7308,1.6947,5.1405,10.5783,11.9616,12.0897,7.7652,10.8075,0.6312,0.7797,0.5907,0.3156,2.0475,4.2684,7.0911,8.7402,6.8862,6.4419,0.9399,1.0893,0.885,0.8205,2.0451,2.7582,4.3989,6.4236,6.4731,6.0483,1.503,1.6428,1.9611,2.1126,2.0508,2.0814,3.6351,5.0955,5.3739,1.8408,2.0625,2.1039,2.1021,2.1087,3.5604,5.7156,5.6616,2.0973,2.1327,2.8839,6.2721,6.5325,6.6915,2.1444,,
2018,10,0,NA,0,0,0,0,0,0,0,0,0,0,0,0,0,0,0,0,0,0,0,0,0,0,0,0,0,0,0,0,0,0,0,0,0,0,0,0,0,0,0,0,0,0,0,0,0,0,0,0,0,0,0,0,0,0,0,,
2018,11,0,NA,0,0,0,0,0,0,0,0,0,0,0,0,0,0,0,0,0,0,0,0,0,0,0,0,0,0,0,0,0,0,0,0,0,0,0,0,0,0,0,0,0,0,0,0,0,0,0,0,0,0,0,0,0,0,0,,
2018,12,0,NA,0,0,0,0,0,0,0,0,0,0,0,0,0,0,0,0,0,0,0,0,0,0,0,0,0,0,0,0,0,0,0,0,0,0,0,0,0,0,0,0,0,0,0,0,0,0,0,0,0,0,0,0,0,0,0,,
2019,1,0,NA,0,0,0,0,0,0,0,0,0,0,0,0,0,0,0,0,0,0,0,0,0,0,0,0,0,0,0,0,0,0,0,0,0,0,0,0,0,0,0,0,0,0,0,0,0,0,0,0,0,0,0,0,0,0,0,,
2019,2,0,NA,0,0,0,0,0,0,0,0,0,0,0,0,0,0,0,0,0,0,0,0,0,0,0,0,0,0,0,0,0,0,0,0,0,0,0,0,0,0,0,0,0,0,0,0,0,0,0,0,0,0,0,0,0,0,0,,
2019,3,0,NA,0,0,0,0,0,0,0,0,0,0,0,0,0,0,0,0,0,0,0,0,0,0,0,0,0,0,0,0,0,0,0,0,0,0,0,0,0,0,0,0,0,0,0,0,0,0,0,0,0,0,0,0,0,0,0,,
2019,4,0,NA,0,0,0,0,0,0,0,0,0,0,0,0,0,0,0,0,0,0,0,0,0,0,0,0,0,0,0,0,0,0,0,0,0,0,0,0,0,0,0,0,0,0,0,0,0,0,0,0,0,0,0,0,0,0,0,,
2019,5,0.749246364,0.749246364,12.3642,11.0148,31.5594,21.8664,22.8219,23.6601,27.6,32.49,43.2228,38.2374,39.9546,17.1225,17.8869,20.6817,21.444,24.8247,24.8493,27.2451,47.0571,48.9777,47.1012,13.2987,14.2863,16.4547,21.0357,25.2306,25.3443,27.3777,46.1973,50.2911,45.8385,7.7256,8.1372,4.9377,2.4996,13.5519,21.6051,30.7881,39.021,38.3667,4.7832,3.6657,2.61,8.9508,15.1848,30.9381,26.8944,21.5967,3.18,4.464,15.1014,16.3989,17.2929,9.2724,1.9536,,
2019,6,1.087964727,1.087964727,13.7055,14.8245,24.5079,19.3809,19.9851,29.5311,19.9218,23.0142,33.8109,45.9807,54.1641,9.2019,13.2633,12.201,6.1353,42.4464,42.0174,35.319,48.1158,55.8861,54.9495,13.308,16.0671,13.7877,17.8338,51.6042,49.3836,45.3315,53.6916,56.4708,53.0145,18.9273,21.5337,24.8265,26.2668,36.8919,46.6806,52.4307,54.1737,46.7367,23.5788,25.686,26.7705,32.4852,39.6219,52.4703,38.4246,33.1809,25.9452,28.0794,41.523,29.6313,29.9238,23.4216,27.0762,,
2019,7,0.920082545,0.920082545,39.4086,45.3516,63.4668,24.2928,24.996,35.4723,48.6441,54.2691,55.5111,45.6945,55.2753,19.2651,20.5437,20.2875,18.5091,30.5556,35.8917,42.3567,28.8711,20.0616,24.2616,20.4732,21.3414,20.6814,22.0314,32.5632,33.5205,33.9735,18.4404,13.8231,16.8309,22.1277,22.938,23.9178,24.3354,27.6816,30.7062,29.85,19.9527,17.6502,23.5185,24.153,24.4695,26.256,28.3803,25.9926,14.6709,14.619,24.2184,24.8856,26.871,11.0514,10.0974,8.586,24.5421,,
2019,8,1.473032909,1.473032909,39.3744,44.148,33.2313,29.0016,28.9182,38.4675,24.2661,23.6877,24.1647,51.2808,73.0743,15.9834,20.4138,20.2236,14.3502,52.0227,51.3843,41.7822,29.9079,43.6005,54.5685,18.8091,21.9801,20.4201,26.007,61.4382,59.2044,51.7305,34.9845,37.5855,53.5839,22.5552,25.4016,27.6195,28.1967,42.6726,55.2969,55.1817,51.882,73.0209,26.2776,28.044,28.7766,36.7677,46.1013,51.0801,89.6682,107.1111,28.1388,30.7821,63.0966,109.9062,109.335,125.1249,28.872,,
2019,9,1.358064,1.358064,43.0662,46.0944,69.2523,35.4978,36.1077,42.2841,38.5563,50.1969,67.8444,46.0866,41.5737,22.7193,26.9652,28.1199,23.3748,56.6631,54.4707,51.7263,59.0241,47.2176,42.5097,23.0937,26.3634,26.1639,32.9538,64.1049,63.2106,56.4927,53.5554,51.7467,44.2815,23.313,26.0454,26.2113,25.3284,43.4523,58.6314,61.3089,56.1042,36.6486,24.957,25.8771,25.8984,36.0894,46.5195,57.6069,32.4447,23.2563,25.6896,28.5951,45.0765,29.8857,33.9093,51.1098,25.5291,,
2019,10,0,NA,0,0,0,0,0,0,0,0,0,0,0,0,0,0,0,0,0,0,0,0,0,0,0,0,0,0,0,0,0,0,0,0,0,0,0,0,0,0,0,0,0,0,0,0,0,0,0,0,0,0,0,0,0,0,0,,
2019,11,0,NA,0,0,0,0,0,0,0,0,0,0,0,0,0,0,0,0,0,0,0,0,0,0,0,0,0,0,0,0,0,0,0,0,0,0,0,0,0,0,0,0,0,0,0,0,0,0,0,0,0,0,0,0,0,0,0,,
2019,12,0,NA,0,0,0,0,0,0,0,0,0,0,0,0,0,0,0,0,0,0,0,0,0,0,0,0,0,0,0,0,0,0,0,0,0,0,0,0,0,0,0,0,0,0,0,0,0,0,0,0,0,0,0,0,0,0,0,,
2020,1,0,NA,0,0,0,0,0,0,0,0,0,0,0,0,0,0,0,0,0,0,0,0,0,0,0,0,0,0,0,0,0,0,0,0,0,0,0,0,0,0,0,0,0,0,0,0,0,0,0,0,0,0,0,0,0,0,0,,
2020,2,0,NA,0,0,0,0,0,0,0,0,0,0,0,0,0,0,0,0,0,0,0,0,0,0,0,0,0,0,0,0,0,0,0,0,0,0,0,0,0,0,0,0,0,0,0,0,0,0,0,0,0,0,0,0,0,0,0,,
2020,3,0,NA,0,0,0,0,0,0,0,0,0,0,0,0,0,0,0,0,0,0,0,0,0,0,0,0,0,0,0,0,0,0,0,0,0,0,0,0,0,0,0,0,0,0,0,0,0,0,0,0,0,0,0,0,0,0,0,,
2020,4,0,NA,0,0,0,0,0,0,0,0,0,0,0,0,0,0,0,0,0,0,0,0,0,0,0,0,0,0,0,0,0,0,0,0,0,0,0,0,0,0,0,0,0,0,0,0,0,0,0,0,0,0,0,0,0,0,0,,
2020,5,0.214939818,0.214939818,4.335,3.6411,8.5836,5.619,5.5641,3.8445,5.784,7.6353,11.3355,8.5296,6.828,6.9735,6.5682,6.5976,7.1535,3.5154,2.9004,4.4184,8.9121,7.9065,7.6344,6.681,6.3954,6.5601,6.0459,2.6826,2.784,3.3648,7.4469,8.6745,8.4891,6.2889,6.0303,5.8017,5.7333,4.4553,3.3498,3.8331,6.7527,8.745,5.9226,5.7534,5.6829,4.9935,4.2042,4.749,9.99,10.644,5.7411,5.5095,4.9653,11.6196,11.895,12.9195,5.667,,
2020,6,0.714348182,0.714348182,7.4904,10.8408,31.0248,4.7328,6.9126,14.4909,28.6017,30.9108,43.1082,43.3278,25.9851,8.0046,7.5948,5.7492,5.2539,5.2524,10.9518,18.5355,39.9402,44.517,46.9284,10.7022,10.1163,8.6379,5.9733,4.647,6.1524,13.5249,38.4978,46.0152,47.9622,14.5608,14.3607,16.6575,18.3717,11.541,6.6552,14.199,29.679,49.1607,16.7238,17.5446,18.3477,14.4144,10.6014,18.3261,41.9061,45.6618,17.8764,17.1072,13.0545,39.876,41.3691,39.54,18.7569,,
2020,7,1.623346,1.623346,20.511,21.2523,35.247,30.2127,33.6078,44.2617,45.3852,43.6704,51.1113,101.3022,133.0074,25.1544,27.2616,27.6456,25.0857,42.9363,47.3163,46.7487,67.4247,86.9622,90.6873,25.7643,27.3543,27.0489,30.1638,45.8355,47.5566,51.0369,73.4913,80.7015,82.5111,26.3955,27.8472,28.3059,28.1277,36.5373,43.7256,54.8682,68.7963,80.6106,27.6561,28.1847,28.4037,33.2127,38.706,56.0754,78.7455,80.7093,28.152,29.55,46.3059,79.6452,80.7219,80.6655,28.3167,,
2020,8,3.184137091,3.184137091,121.7724,144.9087,141.7503,63.9429,63.8778,96.6573,113.817,115.1493,134.1204,195.9924,236.3949,37.3329,42.6372,45.8253,40.635,88.8252,103.6269,110.2149,151.5771,177.369,176.4585,36.5247,40.7241,41.3034,53.1627,99.3438,98.544,110.4777,159.5652,171.6231,164.367,34.9752,38.3817,37.635,35.8896,63.0099,84.8886,116.1666,144.6396,148.6017,36,36.7929,36.5247,51.3387,67.3785,114.6762,132.5376,128.559,36.3855,40.4088,83.1579,123.8133,128.5599,119.046,35.9382,,
2020,9,2.233767091,2.233767091,37.4097,29.8719,34.1952,64.4304,61.0725,47.4747,24.4917,31.7484,48.0588,96.8061,150.2136,62.8923,64.1244,63.5895,61.2252,73.872,60.9696,49.5336,49.6662,65.0376,71.3253,65.0469,65.802,64.5879,66.3579,81.3951,72.8388,61.4844,53.3607,55.8177,61.1709,68.0547,68.8527,70.5891,71.5539,74.0997,76.4304,69.7851,68.4234,64.6833,70.2132,71.1438,71.7171,72.7842,74.034,70.7802,75.486,81.8898,71.3367,71.9199,81.789,87.849,88.1778,96.2553,71.9964,,
2020,10,0,NA,0,0,0,0,0,0,0,0,0,0,0,0,0,0,0,0,0,0,0,0,0,0,0,0,0,0,0,0,0,0,0,0,0,0,0,0,0,0,0,0,0,0,0,0,0,0,0,0,0,0,0,0,0,0,0,,
2020,11,0,NA,0,0,0,0,0,0,0,0,0,0,0,0,0,0,0,0,0,0,0,0,0,0,0,0,0,0,0,0,0,0,0,0,0,0,0,0,0,0,0,0,0,0,0,0,0,0,0,0,0,0,0,0,0,0,0,,
2020,12,0,NA,0,0,0,0,0,0,0,0,0,0,0,0,0,0,0,0,0,0,0,0,0,0,0,0,0,0,0,0,0,0,0,0,0,0,0,0,0,0,0,0,0,0,0,0,0,0,0,0,0,0,0,0,0,0,0,,
